DateTime,Return1,Return5,SmaNorm,RSI14,DeltaRSI,ATR14,StdDev20,ZClose,VolZ,BodyToRange,IntraBarPos,UpperWick,LowerWick,Close
20250529 233000,-0.000949,-0.000187,0.000225,40.693777,-6.218396,26.873800,12.951255,-0.370620,4.358899,0.831683,0.158416,0.250000,4.000000,21338.250000
20250529 234500,0.000234,0.000223,-0.000006,42.712974,2.019197,25.811386,12.947852,0.009654,2.003543,0.354167,0.604167,4.750000,3.000000,21343.250000
20250530 000000,0.000129,-0.000539,-0.000153,43.845404,1.132429,24.789144,12.738346,0.256116,1.109250,0.347826,0.804348,2.250000,5.250000,21346.000000
20250530 001500,0.000304,-0.000293,-0.000472,46.535606,2.690202,24.089920,12.414231,0.811569,1.427859,0.450000,0.900000,1.500000,6.750000,21352.500000
20250530 003000,-0.000222,-0.000503,-0.000279,44.844864,-1.690742,23.172782,11.800583,0.504212,0.737256,0.466667,0.244444,3.250000,2.750000,21347.750000
20250530 004500,-0.000691,-0.000246,0.000418,39.986517,-4.858347,22.731869,11.705040,-0.761424,0.906307,0.852941,0.058824,1.500000,1.000000,21333.000000
20250530 010000,0.000761,0.000281,-0.000268,46.821786,6.835269,22.572450,10.298938,0.555883,1.147956,0.756098,0.926829,1.500000,3.500000,21349.250000
20250530 011500,0.000726,0.000878,-0.000933,52.391745,5.569959,22.317275,11.214416,1.776731,2.037318,0.802632,0.894737,2.000000,1.750000,21364.750000
20250530 013000,0.000480,0.001053,-0.001341,55.696457,3.304712,22.383898,13.000066,2.204796,2.393991,0.430108,0.720430,6.500000,6.750000,21375.000000
20250530 014500,0.001741,0.003017,-0.002943,65.161076,9.464619,23.552906,19.353440,3.256527,2.858700,0.948387,1.000000,0.000000,2.000000,21412.250000
20250530 020000,-0.001157,0.002551,-0.001683,56.521163,-8.639913,23.888412,20.970884,1.716070,1.606940,0.873874,0.126126,0.000000,3.500000,21387.500000
20250530 021500,-0.000070,0.001720,-0.001451,56.036220,-0.484943,24.003526,20.683066,1.500624,1.300680,0.019608,0.529412,11.500000,13.500000,21386.000000
20250530 023000,-0.001345,-0.000351,-0.000035,47.605444,-8.430775,25.253274,19.606835,0.037614,1.948775,0.716867,0.126506,6.500000,5.250000,21357.250000
20250530 024500,-0.000855,-0.001686,0.000820,43.165800,-4.439644,25.342326,19.628817,-0.890909,1.411754,0.650943,0.066038,7.500000,1.750000,21339.000000
20250530 030000,-0.000129,-0.003556,0.000934,42.522279,-0.643521,24.871445,19.896938,-1.001410,0.561027,0.146667,0.146667,13.250000,2.750000,21336.250000
20250530 031500,-0.000328,-0.002727,0.001232,40.852750,-1.669530,25.755628,20.543080,-1.279019,2.314130,0.187919,0.295302,19.250000,11.000000,21329.250000
20250530 033000,0.001441,-0.001216,-0.000159,50.117929,9.265180,26.576654,20.183440,0.168455,0.874113,0.821918,0.821918,6.500000,0.000000,21360.000000
20250530 034500,0.000398,0.000527,-0.000531,52.340361,2.222432,25.981893,20.349662,0.557749,0.729101,0.424658,0.780822,4.000000,6.500000,21368.500000
20250530 040000,-0.000281,0.001101,-0.000242,50.625724,-1.714637,27.018901,20.380793,0.253302,1.005283,0.166667,0.506173,13.250000,20.500000,21362.500000
20250530 041500,0.001333,0.002563,-0.001498,57.712181,7.086457,27.463979,21.663950,1.478839,1.504516,0.857143,0.932331,2.250000,2.500000,21391.000000
20250530 043000,-0.000971,0.001920,-0.000453,51.874501,-5.837680,27.537981,21.252923,0.455820,0.177190,0.736842,0.114035,4.250000,3.250000,21370.250000
20250530 044500,-0.000257,0.000222,-0.000146,50.418727,-1.455774,27.481697,20.890709,0.148990,0.100685,0.233645,0.448598,8.500000,12.000000,21364.750000
20250530 050000,-0.000234,-0.000410,0.000121,49.070532,-1.348195,27.358004,20.588847,-0.125068,-0.390159,0.194175,0.058252,19.250000,1.500000,21359.750000
20250530 051500,0.000410,0.000281,-0.000252,51.513964,2.443432,27.153861,20.502210,0.262167,-0.481590,0.367347,0.479592,12.750000,2.750000,21368.500000
20250530 053000,0.000678,-0.000374,-0.000847,55.337935,3.823971,27.285728,20.619541,0.878414,-0.175906,0.431034,0.681034,9.250000,7.250000,21383.000000
20250530 054500,-0.000234,0.000363,-0.000508,53.763333,-1.574602,26.872462,19.438601,0.558811,-0.625390,0.220930,0.186047,12.750000,4.000000,21378.000000
20250530 060000,-0.000690,-0.000070,0.000215,49.306196,-4.457137,26.756572,19.029627,-0.241071,-1.220642,0.584158,0.079208,8.500000,2.000000,21363.250000
20250530 061500,-0.000456,-0.000293,0.000645,46.558515,-2.747681,27.291816,19.277237,-0.714573,0.719484,0.291971,0.116788,20.250000,4.000000,21353.500000
20250530 063000,0.001147,0.000444,-0.000495,53.561583,7.003067,27.288830,19.348304,0.546559,-1.394726,0.880734,0.972477,0.750000,2.500000,21378.000000
20250530 064500,0.000140,-0.000094,-0.000708,54.350418,0.788836,26.286056,16.753073,0.903565,-1.344751,0.188679,0.320755,9.000000,1.750000,21381.000000
20250530 070000,0.000164,0.000304,-0.000879,55.304325,0.953907,25.783481,16.571111,1.133750,-1.024738,0.220779,0.753247,4.750000,10.250000,21384.500000
20250530 071500,0.001145,0.002139,-0.001968,61.386890,6.082564,27.120375,18.611568,2.264049,1.473060,0.556180,0.730337,12.000000,7.750000,21409.000000
20250530 073000,-0.000607,0.001988,-0.001271,56.957593,-4.429297,26.611777,19.505544,1.394475,-0.376798,0.637500,0.075000,5.750000,1.500000,21396.000000
20250530 074500,-0.000222,0.000620,-0.000927,55.385106,-1.572487,25.728793,18.826556,1.053698,-0.260572,0.280702,0.228070,7.000000,3.250000,21391.250000
20250530 080000,-0.000175,0.000304,-0.000632,54.114898,-1.270207,25.319593,17.291418,0.782180,-0.287234,0.125000,0.162500,14.250000,3.250000,21387.500000
20250530 081500,-0.004933,-0.004793,0.004200,31.960175,-22.154723,37.350336,24.781609,-3.606505,4.304332,0.548387,0.289032,31.500000,56.000000,21282.250000
20250530 083000,0.000564,-0.005374,0.003479,35.216714,3.256539,38.914598,29.931722,-2.475217,2.192746,0.189873,0.354430,38.250000,9.750000,21294.250000
20250530 084500,0.002954,-0.001813,0.000493,49.013859,13.797145,41.992127,30.028934,-0.350495,2.011870,0.789634,0.832317,13.750000,3.500000,21357.250000
20250530 090000,-0.001042,-0.002633,0.001472,45.341100,-3.672759,41.456975,30.857171,-1.017592,0.330878,0.637681,0.043478,11.000000,1.500000,21335.000000
20250530 091500,-0.000422,-0.002880,0.001742,43.907878,-1.433221,41.335048,31.511149,-1.178948,0.739220,0.289308,0.301887,16.250000,12.000000,21326.000000
20250530 093000,0.002646,0.004699,-0.000876,53.784331,9.876453,42.578973,31.761265,0.589948,1.660596,0.961207,0.961207,2.250000,0.000000,21382.500000
20250530 094500,-0.003854,0.000282,0.002830,42.149424,-11.634907,46.341189,34.641312,-1.740335,3.662053,0.858268,0.052493,8.500000,5.000000,21300.250000
20250530 100000,-0.002009,-0.004681,0.004607,37.596977,-4.552448,49.691819,41.287869,-2.371762,2.601056,0.466488,0.243968,27.000000,22.750000,21257.500000
20250530 101500,0.005243,0.001604,-0.000645,52.146869,14.549892,55.410260,41.300066,0.333837,2.050430,0.861272,0.888247,14.500000,3.500000,21369.250000
20250530 103000,0.000690,0.002716,-0.001332,53.681958,1.535089,54.095242,41.333966,0.689203,0.688872,0.412162,0.763513,8.750000,13.000000,21384.000000
20250530 104500,-0.000655,-0.000585,-0.000697,51.977602,-1.704355,53.106296,41.152724,0.361762,0.707958,0.360248,0.267081,15.000000,10.750000,21370.000000
20250530 110000,-0.000726,0.002544,0.000008,50.081771,-1.895832,52.384418,41.110377,-0.004257,0.821464,0.366279,0.215116,18.000000,9.250000,21354.500000
20250530 111500,-0.000340,0.004213,0.000333,49.178231,-0.903540,51.499816,41.141864,-0.172877,0.241240,0.231250,0.306250,18.500000,12.250000,21347.250000
20250530 113000,0.000972,-0.000058,-0.000662,51.855425,2.677194,52.124829,40.911679,0.345561,0.316234,0.340249,0.825726,10.500000,29.250000,21368.000000
20250530 114500,-0.003094,-0.003842,0.002249,43.928775,-7.926650,54.865913,41.902586,-1.143426,0.992537,0.726519,0.151934,11.000000,13.750000,21302.000000
20250530 120000,0.001009,-0.002178,0.001096,46.782606,2.853831,54.964776,41.492053,-0.563060,0.120015,0.382222,0.564444,24.500000,10.250000,21323.500000
20250530 121500,0.000023,-0.001429,0.000873,46.850355,0.067749,53.967292,39.199607,-0.474813,-0.156069,0.006098,0.682927,13.000000,27.750000,21324.000000
20250530 123000,-0.006988,-0.008078,0.007371,33.293658,-13.556697,62.237486,51.661172,-3.021370,1.654974,0.874816,0.097202,4.750000,16.500000,21175.500000
20250530 124500,-0.001985,-0.011035,0.008763,30.596991,-2.696667,64.934808,65.473210,-2.828638,2.443479,0.420000,0.545000,3.500000,54.500000,21133.500000
20250530 130000,-0.001160,-0.009101,0.009274,29.115525,-1.481467,65.368036,77.813033,-2.515967,0.091297,0.338028,0.528169,9.500000,37.500000,21109.000000
20250530 131500,0.002590,-0.007520,0.006384,36.513261,7.397737,67.984605,83.599021,-1.616048,0.304860,0.534314,0.732843,27.250000,20.250000,21163.750000
20250530 133000,0.000531,-0.007012,0.005567,37.946334,1.433073,66.003562,87.858568,-1.341787,-0.380399,0.298137,0.838509,6.500000,21.750000,21175.000000
20250530 134500,0.000177,0.000153,0.004968,38.445117,0.498782,64.217593,89.909478,-1.170205,-0.697536,0.103659,0.310976,28.250000,8.500000,21178.750000
20250530 140000,-0.000142,0.001997,0.004734,38.180716,-0.264401,63.434194,92.062852,-1.088930,-0.723678,0.051643,0.267606,36.250000,14.250000,21175.750000
20250530 141500,0.002829,0.005987,0.001683,46.156434,7.975718,63.813894,91.712645,-0.389668,-0.711121,0.869091,0.887273,7.750000,1.250000,21235.750000
20250530 143000,0.002117,0.005513,-0.000674,51.237743,5.081309,64.327187,88.167043,0.162759,-0.035940,0.630282,0.753521,17.500000,8.750000,21280.750000
20250530 144500,-0.000564,0.004418,-0.000185,49.885758,-1.351985,62.214531,87.828992,0.044689,-0.916534,0.330935,0.244604,14.750000,8.500000,21268.750000
20250530 150000,0.001503,0.005744,-0.001585,53.415754,3.529996,60.752779,88.153860,0.382995,-0.866992,0.748503,0.844311,6.500000,4.000000,21300.750000
20250530 151500,0.001864,0.007750,-0.003512,57.427337,4.011583,60.806152,86.696943,0.864506,0.268968,0.650406,0.727642,16.750000,4.750000,21340.500000
20250530 153000,0.002188,0.007109,-0.005683,61.614093,4.186756,60.552141,86.921562,1.398243,-0.311905,0.802632,0.815789,10.500000,0.750000,21387.250000
20250530 154500,-0.000959,0.004033,-0.004736,58.879649,-2.734444,60.441274,86.729270,1.166849,0.291065,0.360169,0.309322,19.500000,18.250000,21366.750000
20250530 160000,0.000117,0.004714,-0.004818,59.117932,0.238283,62.409754,87.541429,1.176157,2.839655,0.025568,0.269886,64.250000,21.500000,21369.250000
20250530 161500,0.000140,0.003351,-0.004899,59.421806,0.303875,63.398343,88.857163,1.178436,0.039733,0.039344,0.554098,34.000000,39.250000,21372.250000
20250530 163000,-0.000480,0.001007,-0.004436,57.839916,-1.581891,60.977033,88.526990,1.070436,-1.594052,0.364407,0.271186,10.750000,8.000000,21362.000000
20250530 164500,-0.000047,-0.001228,-0.004251,57.678589,-0.161327,57.300102,90.595111,1.002400,-1.577412,0.052632,0.342105,5.750000,3.250000,21361.000000
20250530 170000,0.000374,0.000105,-0.004518,58.671706,0.993117,54.707238,92.457466,1.044129,-1.390740,0.392857,0.869048,2.750000,10.000000,21369.000000
20250601 181500,-0.001323,-0.001335,-0.003161,53.864871,-4.806835,56.067435,92.994812,0.725309,-1.194384,0.694836,0.854460,7.750000,8.500000,21340.750000
20250601 183000,-0.001231,-0.002706,-0.001607,49.783453,-4.081418,55.223332,90.588976,0.378081,-1.239924,0.610169,0.282486,4.750000,12.500000,21314.500000
20250601 184500,0.000199,-0.002027,-0.001371,50.438235,0.654782,52.350237,84.367665,0.346549,-1.262888,0.250000,0.350000,9.750000,1.500000,21318.750000
20250601 190000,-0.000235,-0.002214,-0.000657,49.618527,-0.819708,50.200220,73.574664,0.190283,-1.125525,0.224719,0.404494,8.250000,9.000000,21313.750000
20250601 191500,-0.000493,-0.003082,0.000163,47.859503,-1.759023,47.953776,66.636275,-0.052149,-1.016466,0.573333,0.426667,0.000000,8.000000,21303.250000
20250601 193000,-0.000423,-0.002181,0.000866,46.342978,-1.516525,45.939221,59.540316,-0.309664,-0.888811,0.468354,0.126582,8.000000,2.500000,21294.250000
20250601 194500,0.000775,-0.000176,0.000401,49.502199,3.159221,45.372133,51.036401,-0.167283,-0.763415,0.460526,0.888158,4.250000,16.250000,21310.750000
20250601 200000,-0.000282,-0.000657,0.000985,48.386544,-1.115655,43.452695,39.287759,-0.534199,-0.809589,0.391892,0.567568,0.750000,10.500000,21304.750000
20250601 201500,0.000622,0.000199,0.000556,51.012228,2.625684,42.009646,33.536864,-0.353343,-0.718850,0.569892,0.924731,1.750000,8.250000,21318.000000
20250601 203000,-0.000939,-0.000246,0.001536,47.115980,-3.896248,41.116100,32.467799,-1.007537,-0.631073,0.694915,0.050847,7.500000,1.500000,21298.000000
20250601 204500,-0.000047,0.000129,0.001649,46.923000,-0.192980,39.464950,30.282369,-1.159916,-0.583087,0.027778,0.680556,5.250000,12.250000,21297.000000
20250601 210000,-0.000141,-0.000786,0.001775,46.310188,-0.612812,38.199596,30.665359,-1.232254,-0.526189,0.149425,0.379310,10.250000,8.250000,21294.000000
20250601 211500,0.000516,0.000012,0.001174,48.943189,2.633001,36.953196,31.133530,-0.803394,-0.507944,0.493976,0.831325,3.500000,7.000000,21305.000000
20250601 213000,-0.000376,-0.000986,0.001338,47.132831,-1.810359,35.545825,28.976176,-0.983567,-0.443633,0.463768,0.043478,8.500000,0.750000,21297.000000
20250601 214500,-0.001116,-0.001163,0.002236,42.148439,-4.984392,35.310409,29.481997,-1.613697,-0.258503,0.759690,0.186047,1.750000,6.000000,21273.250000
20250601 220000,0.000212,-0.000904,0.001809,43.370423,1.221984,33.877523,28.701590,-1.341389,-0.363673,0.442623,0.508197,7.500000,1.000000,21277.750000
20250601 221500,-0.000752,-0.001516,0.002303,40.125094,-3.245329,33.243414,28.017283,-1.748028,0.453783,0.690000,0.080000,5.750000,2.000000,21261.750000
20250601 223000,0.000317,-0.001715,0.001766,42.093702,1.968608,32.261742,26.847789,-1.398625,-0.413680,0.333333,0.628205,7.250000,5.750000,21268.500000
20250601 224500,0.000376,-0.000963,0.001190,44.425861,2.332159,30.885903,24.405699,-1.037667,-1.301889,0.653846,0.750000,3.250000,1.250000,21276.500000
20250601 230000,-0.000529,-0.000376,0.001476,41.871967,-2.553894,30.126195,20.248221,-1.550136,-0.619521,0.555556,0.135802,6.250000,2.750000,21265.250000
20250601 231500,-0.000976,-0.001564,0.002228,37.580730,-4.291237,29.974324,20.626454,-2.294384,1.786196,0.705357,0.258929,1.000000,7.250000,21244.500000
20250601 233000,-0.000071,-0.000882,0.002130,37.283268,-0.297462,29.333301,22.497917,-2.011297,0.551710,0.000000,0.250000,15.750000,5.250000,21243.000000
20250601 234500,-0.000118,-0.001317,0.002064,36.761008,-0.522260,27.952351,23.629203,-1.855225,-1.450300,0.325000,0.150000,5.250000,1.500000,21240.500000
20250602 000000,-0.000424,-0.002117,0.002295,34.867445,-1.893564,27.205755,25.253948,-1.929401,0.303867,0.500000,0.285714,3.750000,5.000000,21231.500000
20250602 001500,0.000494,-0.001094,0.001655,38.826464,3.959019,26.387486,25.979472,-1.353472,-1.256245,0.666667,0.936508,1.000000,4.250000,21242.000000
20250602 003000,0.000388,0.000271,0.001163,41.818872,2.992409,25.520523,26.300342,-0.939627,-1.394310,0.526316,0.701754,4.250000,2.500000,21250.250000
20250602 004500,-0.000294,0.000047,0.001300,40.213983,-1.604890,24.786914,25.777231,-1.071682,-1.223841,0.344262,0.442623,3.250000,6.750000,21244.000000
20250602 010000,-0.000377,-0.000212,0.001516,38.193492,-2.020491,24.980706,25.714645,-1.251719,-0.058993,0.318182,0.627273,1.500000,17.250000,21236.000000
20250602 011500,0.000424,0.000636,0.000920,41.739896,3.546404,24.482084,23.467834,-0.832522,-0.618530,0.486111,0.666667,6.000000,3.250000,21245.000000
20250602 013000,-0.000671,-0.000530,0.001433,38.020060,-3.719837,23.983364,23.249207,-1.308647,-0.871802,0.814286,0.100000,1.500000,1.750000,21230.750000
20250602 014500,0.000082,-0.000836,0.001199,38.742069,0.722009,23.930981,22.518132,-1.130200,0.756437,0.086022,0.827957,4.000000,17.250000,21232.500000
20250602 020000,-0.000106,-0.000647,0.001155,38.127098,-0.614971,23.293054,21.686182,-1.130328,-0.716180,0.133333,0.550000,4.750000,8.250000,21230.250000
20250602 021500,-0.001296,-0.001567,0.002212,31.537816,-6.589282,23.736407,21.289140,-2.203001,0.526411,0.940678,0.033898,0.750000,1.000000,21202.750000
20250602 023000,0.001202,-0.000789,0.000846,41.614181,10.076365,24.523092,18.767205,-0.957122,1.254732,0.697842,0.870504,4.500000,6.000000,21228.250000
20250602 024500,0.000800,0.000683,-0.000021,47.194113,5.579932,24.664300,17.712791,0.024700,1.288351,0.641509,0.952830,1.250000,8.250000,21245.250000
20250602 030000,-0.000789,-0.000188,0.000652,42.848894,-4.345220,24.545421,16.332177,-0.848019,0.260039,0.717391,0.130435,3.500000,3.000000,21228.500000
20250602 031500,0.001671,0.001588,-0.001013,52.773398,9.924504,26.077891,16.472567,1.307477,2.909104,0.788043,0.923913,3.500000,6.250000,21264.000000
20250602 033000,-0.004336,-0.001451,0.003100,35.546016,-17.227382,31.536613,21.503848,-3.052361,2.974661,0.897561,0.087805,1.500000,9.000000,21172.000000
20250602 034500,0.002276,-0.000377,0.000687,45.579679,10.033663,34.391141,19.852125,-0.734178,2.110122,0.667832,0.762238,17.000000,6.750000,21220.250000
20250602 040000,-0.000412,-0.001590,0.000973,44.234842,-1.344837,33.648917,19.178190,-1.076092,1.220315,0.343750,0.104167,13.250000,2.500000,21211.500000
20250602 041500,0.001802,0.001001,-0.000816,51.036006,6.801164,34.531137,19.380467,0.895231,1.515219,0.836957,0.940217,2.750000,4.750000,21249.750000
20250602 043000,0.000271,-0.000400,-0.001057,51.984047,0.948041,34.618198,19.906641,1.129020,0.535401,0.209790,0.860140,5.000000,23.250000,21255.500000
20250602 044500,-0.000847,0.003089,-0.000218,48.798762,-3.185285,34.359756,19.861001,0.232868,0.194848,0.604839,0.161290,7.250000,5.000000,21237.500000
20250602 050000,-0.000082,0.000730,-0.000125,48.487691,-0.311071,33.530487,19.867888,0.134010,-0.360543,0.153846,0.417582,9.750000,9.500000,21235.750000
20250602 051500,-0.000860,0.000283,0.000677,45.248303,-3.239388,33.546167,20.035199,-0.716863,0.398590,0.511111,0.259259,7.750000,8.750000,21217.500000
20250602 053000,0.000483,-0.001036,0.000141,47.374829,2.126526,32.775012,19.598067,-0.152438,-0.003535,0.406593,0.758242,5.500000,8.000000,21227.750000
20250602 054500,-0.000848,-0.002155,0.000909,44.133141,-3.241688,32.308940,19.859019,-0.970592,-0.517886,0.695238,0.104762,5.250000,2.750000,21209.750000
20250602 060000,0.000766,-0.000542,0.000119,47.617894,3.484753,31.804730,19.802920,-0.127506,0.037128,0.663366,0.980198,0.500000,8.000000,21226.000000
20250602 061500,0.000683,0.000224,-0.000574,50.580124,2.962230,31.782963,19.639342,0.621202,-0.475612,0.484127,0.706349,9.250000,7.000000,21240.500000
20250602 063000,-0.000624,0.000459,0.000041,47.913707,-2.666417,31.459180,19.632323,-0.044569,0.025937,0.486239,0.477064,1.000000,13.000000,21227.250000
20250602 064500,0.000353,0.000330,-0.000307,49.535387,1.621680,31.158525,19.663493,0.331197,-0.571086,0.302752,0.605505,10.750000,8.250000,21234.750000
20250602 070000,0.000730,0.001908,-0.000989,52.805680,3.270293,30.486487,20.240503,1.038141,-0.849645,0.689655,0.850575,3.250000,3.500000,21250.250000
20250602 071500,0.001352,0.002494,-0.002159,58.214650,5.408970,31.648167,21.997244,2.088898,1.181943,0.614973,0.860963,6.500000,11.500000,21279.000000
20250602 073000,-0.000376,0.001435,-0.001684,56.281665,-1.932986,30.619726,23.455660,1.526817,-0.947730,0.492754,0.362319,2.500000,6.250000,21271.000000
20250602 074500,-0.000153,0.001906,-0.001478,55.475771,-0.805894,30.379031,24.430626,1.286807,0.102903,0.073394,0.128440,21.750000,3.500000,21267.750000
20250602 080000,-0.000588,0.000965,-0.000828,52.369762,-3.106009,29.726958,24.697090,0.712635,-1.018504,0.588235,0.000000,8.750000,0.000000,21255.250000
20250602 081500,0.001011,0.001246,-0.001808,56.845257,4.475495,29.407175,25.519879,1.507158,0.262107,0.821782,0.930693,1.750000,2.750000,21276.750000
20250602 083000,-0.001164,-0.001270,-0.000457,50.914364,-5.930892,30.163805,20.614660,0.471145,1.549267,0.625000,0.306250,2.750000,12.250000,21252.000000
20250602 084500,0.001751,0.000858,-0.002044,58.014420,7.100055,31.259248,22.339493,1.947784,1.689850,0.802198,0.983516,0.750000,8.250000,21289.250000
20250602 090000,-0.000211,0.000799,-0.001661,56.942857,-1.071562,31.222873,22.430504,1.575979,1.494108,0.130081,0.682927,5.750000,21.000000,21284.750000
20250602 091500,-0.000717,0.000670,-0.000899,53.346759,-3.596099,31.814096,22.854906,0.836254,2.191962,0.392405,0.297468,12.250000,11.750000,21269.500000
20250602 093000,0.000869,0.000529,-0.001691,56.902506,3.555748,31.952375,24.272087,1.482670,3.066972,0.555556,0.881481,4.000000,11.000000,21288.000000
20250602 094500,0.006298,0.007991,-0.007527,73.009053,16.106547,41.902206,44.117349,3.654741,4.331334,0.785401,0.792701,35.500000,1.250000,21422.500000
20250602 100000,-0.004925,0.001314,-0.002435,55.522508,-17.486545,48.534191,45.320199,1.145461,2.484748,0.784787,0.137291,10.500000,18.500000,21317.250000
20250602 101500,-0.000305,0.001221,-0.001912,54.651928,-0.870580,51.871034,44.954143,0.906479,2.227765,0.002625,0.797900,19.000000,76.000000,21310.750000
20250602 103000,0.003186,0.005123,-0.004734,61.460099,6.808171,54.094532,49.658307,2.037927,1.005651,0.813253,0.924699,6.250000,9.250000,21378.750000
20250602 104500,-0.000573,0.003681,-0.003796,59.720665,-1.739435,55.212780,50.697971,1.599916,1.040769,0.179211,0.250896,39.750000,17.500000,21366.500000
20250602 110000,0.001403,-0.001214,-0.004795,62.518377,2.797713,54.661867,54.208525,1.892461,0.208788,0.626316,0.826316,8.250000,9.500000,21396.500000
20250602 111500,0.000070,0.003781,-0.004496,62.658038,0.139660,55.096733,57.232982,1.681067,0.558380,0.012346,0.703704,18.000000,42.000000,21398.000000
20250602 113000,-0.001309,0.002776,-0.002858,58.291746,-4.366292,54.125538,56.387282,1.083134,-0.021810,0.668675,0.253012,3.250000,10.500000,21370.000000
20250602 114500,0.001298,0.000888,-0.003770,61.179045,2.887300,53.491571,56.855084,1.418958,-0.052247,0.596685,0.922652,3.500000,14.750000,21397.750000
20250602 120000,0.001704,0.003166,-0.005037,64.645816,3.466771,53.402888,60.092268,1.796820,0.370524,0.703349,0.799043,10.500000,5.000000,21434.250000
20250602 121500,-0.000093,0.001669,-0.004587,64.306942,-0.338874,51.731253,63.262591,1.554038,-0.202586,0.058333,0.783333,4.750000,23.500000,21432.250000
20250602 123000,-0.000478,0.001121,-0.003758,62.498736,-1.808206,50.393306,64.302774,1.252084,-0.415769,0.333333,0.409091,8.500000,13.500000,21422.000000
20250602 124500,-0.000712,0.001718,-0.002724,59.804387,-2.694349,49.454499,63.463714,0.918832,-0.484980,0.395973,0.147651,17.000000,5.500000,21406.750000
20250602 130000,0.001820,0.002241,-0.004093,64.070332,4.265945,49.475606,63.057180,1.392189,-0.417410,0.783920,0.824121,8.750000,2.000000,21445.750000
20250602 131500,0.000221,0.000758,-0.003909,64.563619,0.493287,48.120205,63.238606,1.325931,-0.285999,0.155738,0.221311,23.750000,2.000000,21450.500000
20250602 133000,-0.000105,0.000746,-0.003347,64.114587,-0.449032,46.343762,59.820841,1.200042,-0.480130,0.139785,0.344086,12.000000,8.000000,21448.250000
20250602 134500,-0.000291,0.000933,-0.002700,62.807859,-1.306728,44.801351,57.919416,0.999665,-0.753417,0.232323,0.181818,14.500000,4.500000,21442.000000
20250602 140000,0.000163,0.001809,-0.002488,63.259452,0.451592,43.547683,54.635467,0.976701,-0.774894,0.128440,0.743119,7.000000,16.750000,21445.500000
20250602 141500,0.000757,0.000746,-0.002796,65.362330,2.102879,43.312134,48.815277,1.229123,-0.489585,0.403727,0.869565,5.250000,18.750000,21461.750000
20250602 143000,0.002141,0.002665,-0.004418,70.508202,5.145872,43.896981,46.658900,2.036321,0.035959,0.893204,0.893204,5.500000,0.000000,21507.750000
20250602 144500,-0.000151,0.002619,-0.004076,69.720107,-0.788095,42.565054,50.759191,1.727027,-0.618366,0.158416,0.574257,6.750000,14.500000,21504.500000
20250602 150000,0.000616,0.003527,-0.004224,71.136567,1.416459,41.738979,49.892664,1.821661,-0.569272,0.411290,0.741935,8.000000,10.250000,21517.750000
20250602 151500,-0.000058,0.003305,-0.003688,70.800084,-0.336482,40.043338,45.946531,1.727007,-0.465700,0.069444,0.250000,12.250000,4.500000,21516.500000
20250602 153000,0.000709,0.003256,-0.004038,72.508570,1.708486,39.879528,48.264803,1.801520,-0.182472,0.403973,0.682119,12.000000,10.500000,21531.750000
20250602 154500,-0.000953,0.000163,-0.002753,66.846477,-5.662092,39.030990,46.811809,1.264905,-0.250632,0.723214,0.250000,0.750000,7.000000,21511.250000
20250602 160000,0.001045,0.001359,-0.003476,69.647965,2.801488,39.439491,48.206613,1.552692,2.927497,0.513966,0.860335,6.250000,15.500000,21533.750000
20250602 161500,0.001160,0.001904,-0.004259,72.435098,2.787133,38.854527,50.718209,1.810247,0.689825,0.792000,0.992000,0.250000,6.250000,21558.750000
20250602 163000,0.000290,0.002252,-0.004095,73.100134,0.665035,37.382775,49.882291,1.770418,-1.718761,0.328767,0.383562,11.250000,1.000000,21565.000000
20250602 164500,-0.000290,0.001253,-0.003433,71.248942,-1.851192,35.837577,49.483297,1.495707,-1.983920,0.396825,0.587302,0.250000,9.250000,21558.750000
20250602 170000,-0.000197,0.002009,-0.002958,69.951688,-1.297254,33.938464,50.282577,1.267835,-1.781255,0.432432,0.486486,0.750000,4.500000,21554.500000
20250602 181500,-0.001010,-0.000046,-0.001717,63.572427,-6.379261,33.175003,49.195268,0.751597,-1.639220,0.956989,0.032258,0.250000,0.750000,21532.750000
20250602 183000,-0.000546,-0.001753,-0.000942,60.369458,-3.202969,32.841074,46.425740,0.436719,-1.457787,0.421053,0.210526,10.500000,6.000000,21521.000000
20250602 184500,0.000105,-0.001938,-0.000776,60.776983,0.407525,31.263140,41.294340,0.404414,-1.398984,0.348837,0.558139,4.750000,2.250000,21523.250000
20250602 190000,-0.000174,-0.001822,-0.000430,59.675560,-1.101423,29.565773,38.925287,0.237956,-1.329572,0.466667,0.166667,2.750000,1.250000,21519.500000
20250602 191500,0.000209,-0.001416,-0.000469,60.598334,0.922774,29.007503,36.506359,0.276322,-0.986519,0.241379,0.471264,11.500000,5.000000,21524.000000
20250602 193000,0.000848,0.000441,-0.001097,64.178522,3.580187,32.524825,33.692680,0.701562,-0.438631,0.230032,0.977636,1.750000,58.500000,21542.250000
20250602 194500,-0.001126,-0.000139,0.000205,56.793928,-7.384594,33.148051,28.762853,-0.153410,-0.835881,0.624242,0.363636,0.500000,15.000000,21518.000000
20250602 200000,-0.001104,-0.001348,0.001424,50.647390,-6.146538,33.137476,23.774777,-1.287078,-0.859788,0.734848,0.136364,4.250000,4.500000,21494.250000
20250602 201500,-0.000070,-0.001244,0.001566,50.277295,-0.370095,32.056228,20.378359,-1.651261,-0.792163,0.125000,0.458333,7.500000,8.250000,21492.750000
20250602 203000,-0.000640,-0.002093,0.002140,46.894513,-3.382782,31.409355,22.542359,-2.038939,-0.805755,0.543478,0.217391,5.500000,5.000000,21479.000000
20250602 204500,0.000489,-0.002452,0.001615,49.678863,2.784350,30.290829,23.442253,-1.480766,-0.754119,0.682540,0.825397,2.750000,2.250000,21489.500000
20250602 210000,-0.000279,-0.001605,0.001815,48.126077,-1.552786,29.252199,25.047829,-1.557021,-0.632316,0.317460,0.492063,3.000000,7.750000,21483.500000
20250602 211500,0.000326,-0.000174,0.001429,50.086238,1.960161,28.198470,25.982759,-1.181553,-0.537735,0.465517,0.965517,0.500000,7.250000,21490.500000
20250602 213000,0.000221,0.000116,0.001122,51.427499,1.341261,27.470008,26.455210,-0.911919,-0.449114,0.305556,0.611111,7.000000,5.500000,21495.250000
20250602 214500,0.000105,0.000861,0.000986,52.084316,0.656817,26.775722,26.833383,-0.789595,-0.409738,0.126761,0.985915,0.250000,15.250000,21497.500000
20250602 220000,-0.000477,-0.000105,0.001355,48.843974,-3.240342,25.845313,27.435319,-1.061132,-0.496745,0.720000,0.280000,0.000000,3.500000,21487.250000
20250602 221500,-0.000780,-0.000605,0.001931,44.023957,-4.820017,25.588505,27.359825,-1.514995,-0.441541,0.775281,0.112360,2.500000,2.500000,21470.500000
20250602 223000,-0.000676,-0.001607,0.002354,40.315076,-3.708881,25.153612,27.104658,-1.863148,0.048271,0.769231,0.192308,0.750000,3.750000,21456.000000
20250602 224500,0.000513,-0.001315,0.001626,44.158517,3.843440,25.731925,25.595443,-1.364012,1.201827,0.330827,0.759398,8.000000,14.250000,21467.000000
20250602 230000,0.000058,-0.001362,0.001367,44.595138,0.436622,24.697502,23.556634,-1.245933,-0.644071,0.022222,0.755555,2.750000,8.250000,21468.250000
20250602 231500,-0.000419,-0.001304,0.001616,42.046017,-2.549121,23.754823,23.519553,-1.474305,-0.671581,0.688889,0.222222,1.000000,2.500000,21459.250000
20250602 233000,-0.000851,-0.001375,0.002282,37.379991,-4.666027,23.879479,25.309472,-1.933071,-0.009082,0.686274,0.117647,5.000000,3.000000,21441.000000
20250602 234500,0.001072,0.000373,0.001070,45.576984,8.196994,24.173802,24.695556,-0.929823,0.011312,0.839286,0.964286,1.000000,3.500000,21464.000000
20250603 000000,-0.000105,-0.000245,0.001040,44.957003,-0.619981,23.643530,24.091116,-0.926690,-0.765137,0.134328,0.641791,3.750000,10.750000,21461.750000
20250603 001500,-0.000140,-0.000443,0.001028,44.095708,-0.861296,22.579707,22.849627,-0.965552,-1.004005,0.314286,0.457143,2.000000,4.000000,21458.750000
20250603 003000,-0.000466,-0.000489,0.001277,41.258251,-2.837457,21.966870,19.050504,-1.437626,-0.939545,0.696429,0.178571,1.750000,2.500000,21448.750000
20250603 004500,0.000093,0.000455,0.001027,42.061253,0.803002,20.951380,17.210988,-1.279706,-1.373001,0.354839,0.774193,1.750000,3.250000,21450.750000
20250603 010000,0.000140,-0.000478,0.000792,43.313036,1.251783,20.329852,16.945685,-1.003205,-0.877549,0.306122,0.673469,4.000000,4.500000,21453.750000
20250603 011500,0.000419,0.000047,0.000303,47.011707,3.698671,20.145577,16.245192,-0.400118,0.443692,0.577465,0.619718,6.750000,0.750000,21462.750000
20250603 013000,-0.000256,-0.000070,0.000509,45.076115,-1.935592,19.456608,16.284056,-0.670134,-1.079055,0.571429,0.119048,3.250000,1.250000,21457.250000
20250603 014500,-0.000151,0.000245,0.000577,43.925242,-1.150873,19.370421,15.788737,-0.784578,-0.311844,0.164384,0.027397,14.750000,0.500000,21454.000000
20250603 020000,0.000489,0.000641,0.000044,48.500103,4.574861,18.843963,15.294377,-0.061297,-0.892944,0.812500,0.895833,1.250000,1.000000,21464.500000
20250603 021500,-0.000792,-0.000291,0.000736,42.460116,-6.039986,19.676537,14.627943,-1.079270,1.201337,0.549180,0.303279,4.500000,9.250000,21447.500000
20250603 023000,0.000105,-0.000606,0.000525,43.463667,1.003550,19.967498,12.918367,-0.871821,0.629145,0.115789,0.400000,14.250000,6.750000,21449.750000
20250603 024500,0.000652,0.000303,-0.000206,49.379633,5.915967,20.059106,9.891632,0.447348,-0.036384,0.717647,0.800000,4.250000,1.750000,21463.750000
20250603 030000,0.000291,0.000746,-0.000537,51.804252,2.424619,19.608455,7.987989,1.444356,0.647015,0.363636,0.490909,7.000000,1.750000,21470.000000
20250603 031500,-0.000058,0.000198,-0.000483,51.275270,-0.528982,19.779280,7.864278,1.319256,1.661897,0.011364,0.420455,12.500000,9.250000,21468.750000
20250603 033000,-0.002612,-0.001622,0.002030,34.351848,-16.923423,23.295046,12.687414,-3.425639,3.512907,0.818841,0.119565,4.250000,8.250000,21412.750000
20250603 034500,0.000654,-0.001073,0.001281,39.709265,5.357418,24.541828,13.946460,-1.968241,2.026959,0.329193,0.335404,26.750000,0.250000,21426.750000
20250603 040000,0.000560,-0.001165,0.000652,43.932833,4.223568,24.020983,13.942494,-1.002331,0.172490,0.695652,0.826087,3.000000,2.250000,21438.750000
20250603 041500,-0.000968,-0.002425,0.001525,38.863071,-5.069762,25.019484,15.757592,-2.072810,1.000863,0.572368,0.296053,5.000000,11.250000,21418.000000
20250603 043000,-0.000152,-0.002518,0.001616,38.121055,-0.742016,25.071664,17.504178,-1.976671,0.899958,0.155340,0.601942,6.250000,15.500000,21414.750000
20250603 044500,0.001307,0.001400,0.000258,47.433151,9.312095,25.477259,17.225395,-0.321473,0.764340,0.902439,0.943089,1.750000,1.250000,21442.750000
20250603 050000,0.000047,0.000793,0.000170,47.735659,0.302508,24.836027,16.966783,-0.214389,-0.124690,0.045455,0.712121,4.750000,11.000000,21443.750000
20250603 051500,0.000385,0.000618,-0.000231,50.277878,2.542219,24.526310,16.803757,0.294577,-0.016543,0.426829,0.780488,4.500000,7.250000,21452.000000
20250603 053000,-0.000361,0.001225,0.000120,47.919816,-2.358061,24.524431,16.809614,-0.153186,-0.141022,0.336735,0.540816,3.000000,13.250000,21444.250000
20250603 054500,0.000792,0.002169,-0.000648,53.114387,5.194571,24.683400,17.085703,0.813546,-0.288279,0.654206,0.859813,3.750000,5.500000,21461.250000
20250603 060000,-0.000478,0.000385,-0.000177,49.883696,-3.230691,24.456015,17.044661,0.222210,0.280208,0.488372,0.372093,3.000000,8.000000,21451.000000
20250603 061500,-0.000373,-0.000035,0.000150,47.457431,-2.426265,24.637728,16.684180,-0.193297,0.319571,0.296296,0.250000,12.250000,6.750000,21443.000000
20250603 063000,0.000653,0.000233,-0.000503,51.869318,4.411887,24.127890,16.676007,0.646887,-0.771626,0.771429,0.942857,1.000000,3.000000,21457.000000
20250603 064500,0.000850,0.001445,-0.001303,56.944601,5.075282,23.886612,17.778832,1.573500,0.602764,0.867470,0.939759,1.250000,1.500000,21475.250000
20250603 070000,0.000873,0.001525,-0.002105,61.443060,4.498460,24.626854,20.204888,2.239557,0.335401,0.562044,0.992701,0.250000,14.750000,21494.000000
20250603 071500,0.000523,0.002526,-0.002493,63.881447,2.438386,24.742793,23.652362,2.266687,1.266292,0.390476,0.809524,5.000000,11.000000,21505.250000
20250603 073000,0.000384,0.003282,-0.002727,65.599553,1.718107,24.064737,27.211108,2.156288,-0.123468,0.688525,1.000000,0.000000,4.750000,21513.500000
20250603 074500,0.000534,0.003164,-0.003118,67.892307,2.292754,24.631541,31.197904,2.151186,1.120161,0.367187,0.664062,10.750000,9.500000,21525.000000
20250603 080000,0.000105,0.002418,-0.003089,68.336954,0.444647,24.425717,34.617012,1.921021,0.036634,0.126437,0.793103,4.500000,14.500000,21527.250000
20250603 081500,-0.000081,0.001464,-0.002876,67.553356,-0.783598,24.645308,37.372640,1.656626,0.711176,0.081818,0.490909,11.750000,13.500000,21525.500000
20250603 083000,0.000673,0.001615,-0.003252,70.565081,3.011725,25.152786,38.973757,1.797363,1.728107,0.496063,0.889764,3.500000,12.500000,21540.000000
20250603 084500,-0.001429,-0.000198,-0.001635,58.222683,-12.342399,25.891873,38.546733,0.912529,1.855234,0.887324,0.084507,1.000000,3.000000,21509.250000
20250603 090000,0.001173,0.000441,-0.002584,63.818876,5.596193,26.453168,39.788148,1.398344,2.104643,0.733333,0.933333,2.250000,6.750000,21534.500000
20250603 091500,0.000035,0.000372,-0.002346,63.973246,0.154370,26.224370,39.019138,1.294877,1.840374,0.010753,0.505376,11.500000,11.500000,21535.250000
20250603 093000,0.000511,0.000964,-0.002550,66.247808,2.274563,26.154772,37.731999,1.456324,2.912087,0.415842,0.534653,11.750000,3.000000,21546.250000
20250603 094500,0.000812,0.001102,-0.003079,69.542379,3.294570,30.429431,39.136891,1.696609,4.313330,0.194767,0.627907,32.000000,37.250000,21563.750000
20250603 100000,0.001437,0.003967,-0.004161,74.323604,4.781225,31.720186,42.489808,2.114625,2.096018,0.644330,0.768041,11.250000,6.000000,21594.750000
20250603 101500,0.000521,0.003315,-0.004323,75.807809,1.484205,35.240173,46.013408,2.029843,2.266416,0.141975,0.598765,32.500000,37.000000,21606.000000
20250603 103000,0.000706,0.003985,-0.004616,77.690391,1.882582,34.990875,48.944522,2.039043,0.951892,0.488189,0.763780,7.500000,8.750000,21621.250000
20250603 104500,-0.000428,0.003047,-0.003841,73.932282,-3.758109,35.152241,50.670657,1.638276,0.699543,0.248322,0.751678,0.000000,28.000000,21612.000000
20250603 110000,0.002265,0.004500,-0.005610,79.570062,5.637780,36.480652,54.995709,2.209491,0.926483,0.897674,0.944186,3.000000,2.500000,21661.000000
20250603 111500,0.000092,0.003156,-0.005194,79.762452,0.192390,35.642749,56.575639,1.988709,0.727733,0.080808,0.424242,14.250000,8.500000,21663.000000
20250603 113000,0.000415,0.003050,-0.005111,80.645712,0.883261,35.311124,58.193721,1.903341,0.512715,0.298387,0.524194,14.750000,7.000000,21672.000000
20250603 114500,0.000323,0.002667,-0.004962,81.328295,0.682583,34.396043,60.053575,1.791317,0.087452,0.311111,0.777778,5.000000,10.500000,21679.000000
20250603 120000,0.000254,0.003349,-0.004775,81.869349,0.541054,34.296326,62.090841,1.667718,0.080663,0.166667,0.886364,3.750000,23.750000,21684.500000
20250603 121500,0.000265,0.001349,-0.004613,82.442168,0.572819,33.150160,63.878870,1.566246,-0.247733,0.315068,0.821918,3.250000,9.250000,21690.250000
20250603 123000,0.000876,0.002133,-0.005033,84.216658,1.774490,32.532291,66.326582,1.647341,0.038815,0.785714,0.806122,4.750000,0.500000,21709.250000
20250603 124500,0.001208,0.002926,-0.005750,86.279777,2.063119,33.065699,70.181660,1.780914,0.222178,0.643750,0.718750,11.250000,3.000000,21735.500000
20250603 130000,0.000104,0.002706,-0.005369,86.443351,0.163574,31.971721,72.646588,1.606579,-0.584988,0.112676,0.436620,10.000000,5.750000,21737.750000
20250603 131500,0.000149,0.002602,-0.005022,86.690189,0.246838,30.598741,73.651921,1.482480,-0.620246,0.215686,0.745098,3.250000,6.750000,21741.000000
20250603 133000,0.000184,0.002521,-0.004734,87.003832,0.313643,29.788116,74.422018,1.383159,-0.395373,0.220779,0.233766,14.750000,0.250000,21745.000000
20250603 134500,-0.000460,0.001185,-0.003757,81.813291,-5.190541,29.338965,70.435360,1.159219,-0.425501,0.436170,0.404255,3.750000,9.500000,21735.000000
20250603 140000,-0.000794,-0.000817,-0.002543,73.650753,-8.162538,29.136182,66.168652,0.834799,-0.502965,0.669811,0.075472,6.750000,2.000000,21717.750000
20250603 141500,-0.002986,-0.003906,0.000711,52.483673,-21.167080,33.197883,59.484158,-0.258892,1.413696,0.758721,0.200581,3.500000,17.250000,21653.000000
20250603 143000,0.002111,-0.001945,-0.001047,61.010177,8.526505,35.130177,52.728070,0.430985,-0.292604,0.759336,0.966805,2.000000,12.500000,21698.750000
20250603 144500,0.000392,-0.001738,-0.001108,62.361542,1.351364,34.103022,46.338267,0.519009,-0.819980,0.421687,0.927711,1.500000,10.500000,21707.250000
20250603 150000,0.000161,-0.001116,-0.001002,62.931263,0.569722,33.381377,41.956823,0.518390,-1.056306,0.156250,0.843750,3.750000,16.500000,21710.750000
20250603 151500,-0.000518,-0.000841,-0.000268,59.798069,-3.133194,32.979136,37.410986,0.155703,-0.614469,0.405405,0.315315,7.750000,8.750000,21699.500000
20250603 153000,0.000622,0.002767,-0.000679,62.228331,2.430261,31.980626,33.688878,0.437459,-1.018785,0.736842,0.855263,2.750000,2.250000,21713.000000
20250603 154500,-0.001164,-0.000507,0.000659,55.473646,-6.754685,32.035582,27.460153,-0.520755,-0.531684,0.770992,0.160305,2.250000,5.250000,21687.750000
20250603 160000,0.000772,-0.000127,-0.000013,58.677972,3.204326,34.086611,25.794852,0.010661,3.412528,0.279835,0.650206,21.250000,22.500000,21704.500000
20250603 161500,-0.001106,-0.001394,0.001135,52.813297,-5.864675,34.473282,24.653144,-0.997844,-0.080487,0.607595,0.360759,1.250000,14.250000,21680.500000
20250603 163000,-0.000415,-0.001291,0.001549,50.764292,-2.049005,33.082333,24.686927,-1.360031,-1.483866,0.600000,0.333333,1.000000,5.000000,21671.500000
20250603 164500,0.001406,-0.000507,0.000195,56.871050,6.106758,33.451452,23.970803,-0.176256,-1.205783,0.797386,0.888889,4.250000,3.500000,21702.000000
20250603 170000,-0.000645,0.000012,0.000848,53.585624,-3.285426,32.240634,23.823885,-0.772334,-1.289361,0.772727,0.151515,1.250000,2.500000,21688.000000
20250603 181500,0.000599,-0.000161,0.000274,56.120530,2.534906,31.652018,23.573406,-0.251873,-1.244611,0.531250,0.708333,7.000000,4.250000,21701.000000
20250603 183000,0.000530,0.001475,-0.000249,58.290641,2.170111,30.909016,23.599974,0.228814,-1.144862,0.482353,0.811765,4.000000,7.000000,21712.500000
20250603 184500,0.000000,0.001890,-0.000302,58.290641,0.000000,29.665515,22.732493,0.288134,-1.053795,0.074074,0.333333,8.000000,4.500000,21712.500000
20250603 190000,-0.000138,0.000346,-0.000229,57.431307,-0.859334,28.314407,21.560130,0.230170,-1.021702,0.418605,0.232558,3.750000,2.500000,21709.500000
20250603 191500,0.000127,0.001118,-0.000421,58.041932,0.610625,28.363378,19.981773,0.457917,-0.851341,0.086207,0.758621,7.000000,19.500000,21712.250000
20250603 193000,0.000035,0.000553,-0.000530,58.217962,0.176030,27.283851,17.715283,0.649157,-0.883288,0.094340,0.566038,5.750000,6.250000,21713.000000
20250603 194500,-0.000426,-0.000403,-0.000176,55.145094,-3.072869,26.781433,15.985320,0.238500,-0.761008,0.481481,0.271605,5.000000,5.500000,21703.750000
20250603 200000,0.000058,-0.000345,-0.000263,55.487016,0.341922,26.189902,15.509392,0.367519,-0.706735,0.094595,0.594595,7.500000,9.250000,21705.000000
20250603 201500,-0.000346,-0.000553,0.000186,52.882285,-2.604731,26.837052,11.338789,-0.354976,-0.502344,0.219858,0.163121,21.750000,5.750000,21697.500000
20250603 203000,0.000219,-0.000461,-0.000025,54.344077,1.461792,25.670120,11.321605,0.048580,-0.620791,0.404762,0.642857,3.750000,2.500000,21702.250000
20250603 204500,0.000357,-0.000138,-0.000376,56.704227,2.360150,25.086540,11.404570,0.715722,-0.526069,0.428571,0.785714,3.750000,6.250000,21710.000000
20250603 210000,-0.000530,-0.000242,0.000126,52.377421,-4.326807,24.723215,11.237187,-0.242498,-0.473223,0.612500,0.112500,5.500000,2.250000,21698.500000
20250603 211500,0.000484,0.000184,-0.000336,55.701114,3.323694,23.921557,11.354404,0.642922,-0.417302,0.740741,0.888889,1.500000,2.000000,21709.000000
20250603 213000,-0.000138,0.000392,-0.000214,54.530103,-1.171011,22.980732,11.105854,0.418698,-0.391001,0.232558,0.558139,2.250000,6.000000,21706.000000
20250603 214500,-0.000357,-0.000184,0.000167,51.517008,-3.013096,22.410679,10.690972,-0.339071,-0.306580,0.633333,0.366667,0.000000,5.500000,21698.250000
20250603 220000,-0.000784,-0.001325,0.000898,45.568921,-5.948086,23.113488,11.570241,-1.682117,0.061732,0.534884,0.286822,5.750000,9.250000,21681.250000
20250603 221500,-0.000392,-0.001187,0.001272,42.901719,-2.667203,22.641096,12.344559,-2.233778,0.365775,0.590909,0.318182,1.500000,5.250000,21672.750000
20250603 223000,0.000173,-0.001498,0.001111,44.446599,1.544881,21.827446,11.796742,-2.040818,-0.733470,0.377778,0.866667,1.500000,5.500000,21676.500000
20250603 224500,0.000277,-0.001083,0.000789,46.921159,2.474560,21.339772,12.427641,-1.375965,0.610936,0.416667,0.766667,3.500000,5.250000,21682.500000
20250603 230000,-0.000427,-0.001153,0.001182,43.690096,-3.231064,20.815502,13.486677,-1.899096,-1.000873,0.660714,0.017857,4.500000,0.250000,21673.250000
20250603 231500,0.000288,-0.000081,0.000844,46.376992,2.686896,20.007252,14.115655,-1.295547,-1.302082,0.657895,0.815789,1.750000,1.500000,21679.500000
20250603 233000,-0.000173,0.000138,0.000932,44.989864,-1.387129,19.346020,14.468414,-1.396145,-1.017587,0.302326,0.302326,4.250000,3.250000,21675.750000
20250603 234500,0.000000,-0.000035,0.000847,44.989864,0.000000,18.589161,14.583054,-1.259167,-0.886990,0.057143,0.657143,3.000000,5.250000,21675.750000
20250604 000000,0.000196,-0.000115,0.000583,47.070697,2.080834,17.654221,14.443311,-0.874972,-1.580877,0.727273,0.863636,0.750000,0.750000,21680.000000
20250604 001500,0.000634,0.000945,-0.000094,53.234123,6.163426,17.982491,13.732551,0.148370,-0.061813,0.640449,0.932584,1.500000,6.500000,21693.750000
20250604 003000,-0.000104,0.000553,-0.000040,52.163692,-1.070431,17.251599,12.836344,0.067192,-0.857786,0.387097,0.387097,1.750000,3.000000,21691.500000
20250604 004500,-0.000403,0.000323,0.000315,48.112035,-4.051657,16.894342,12.577081,-0.543648,-1.185843,0.632653,0.285714,1.000000,3.500000,21682.750000
20250604 010000,-0.000208,0.000115,0.000461,46.127698,-1.984336,16.366174,12.285917,-0.813940,-1.288377,0.473684,0.131579,3.750000,1.250000,21678.250000
20250604 011500,0.000346,0.000265,0.000088,49.840870,3.713171,16.143591,12.109210,-0.157938,-0.727814,0.584906,0.924528,1.000000,4.500000,21685.750000
20250604 013000,0.000242,-0.000127,-0.000180,52.318367,2.477498,16.061906,11.671921,0.334135,-0.838068,0.333333,1.000000,0.000000,10.000000,21691.000000
20250604 014500,-0.000173,-0.000196,-0.000059,50.403322,-1.915045,15.646769,10.426911,0.123479,-0.364622,0.243902,0.195122,5.750000,2.000000,21687.250000
20250604 020000,0.000357,0.000565,-0.000425,54.139430,3.736108,15.279143,10.242764,0.899415,-0.835135,0.738095,1.000000,0.000000,2.750000,21695.000000
20250604 021500,0.000726,0.001498,-0.001146,60.630167,6.490737,15.634204,10.446142,2.381262,1.899218,0.775000,0.775000,4.500000,0.000000,21710.750000
20250604 023000,-0.000956,0.000196,-0.000227,50.491224,-10.138943,16.338904,9.438320,0.521809,1.004873,0.823529,0.156863,0.500000,4.000000,21690.000000
20250604 024500,-0.000069,-0.000115,-0.000180,49.842350,-0.648874,16.368268,8.986196,0.435390,0.699938,0.044776,0.492537,7.750000,8.250000,21688.500000
20250604 030000,0.000115,0.000173,-0.000273,50.973217,1.130866,16.484820,9.056110,0.654254,0.653807,0.097222,0.388889,11.000000,5.250000,21691.000000
20250604 031500,-0.000415,-0.000599,0.000163,46.875802,-4.097415,17.093047,8.641569,-0.409358,2.557553,0.390000,0.300000,7.750000,7.500000,21682.000000
20250604 033000,0.000703,-0.000622,-0.000492,53.671419,6.795617,17.354258,8.739315,1.221491,1.007262,0.771084,0.987952,0.250000,4.500000,21697.250000
20250604 034500,-0.000138,0.000196,-0.000327,52.255290,-1.416129,17.078954,8.839993,0.801754,0.580862,0.222222,0.148148,8.500000,2.000000,21694.250000
20250604 040000,0.001209,0.001474,-0.001426,61.762306,9.507016,17.930457,10.883732,2.845990,1.145902,0.810345,0.939655,1.750000,3.750000,21720.500000
20250604 041500,0.001139,0.002498,-0.002411,68.193177,6.430871,18.738996,16.058852,3.265333,3.011367,0.846154,0.957265,1.250000,3.250000,21745.250000
20250604 043000,-0.000748,0.002165,-0.001543,60.945742,-7.247435,18.989782,17.370035,1.930048,1.401543,0.730337,0.112360,3.500000,2.500000,21729.000000
20250604 044500,0.000173,0.001635,-0.001584,61.950711,1.004969,18.704798,18.536805,1.857116,1.193353,0.283333,0.483333,7.750000,3.000000,21732.750000
20250604 050000,-0.000713,0.001060,-0.000786,55.583948,-6.366763,18.975884,18.473270,0.923632,0.450535,0.700000,0.155556,3.250000,3.500000,21717.250000
20250604 051500,0.000403,0.000253,-0.001114,58.195827,2.611879,19.013320,19.232882,1.258262,0.871848,0.410256,0.448718,10.750000,0.750000,21726.000000
20250604 053000,0.000230,-0.000656,-0.001253,59.655787,1.459960,18.655226,20.083093,1.355618,-0.194044,0.392857,0.696429,4.250000,4.250000,21731.000000
20250604 054500,0.000575,0.000667,-0.001687,63.123154,3.467367,18.840567,21.234535,1.727728,0.238837,0.588235,0.905882,2.000000,6.750000,21743.500000
20250604 060000,-0.000333,0.000161,-0.001221,59.907197,-3.215957,18.405527,21.095805,1.257951,-0.482184,0.627451,0.254902,1.500000,3.250000,21736.250000
20250604 061500,0.000678,0.001553,-0.001748,63.933148,4.025951,19.287275,22.156531,1.716198,1.511696,0.463415,0.609756,12.000000,4.500000,21751.000000
20250604 063000,-0.001035,0.000115,-0.000628,54.880148,-9.053000,20.231041,21.801433,0.626106,1.102126,0.669231,0.253846,2.500000,8.250000,21728.500000
20250604 064500,0.000104,-0.000012,-0.000632,55.557861,0.677713,19.678824,21.097971,0.650536,-0.847159,0.140000,0.880000,1.500000,9.250000,21730.750000
20250604 070000,0.000897,0.000310,-0.001401,61.022144,5.464282,19.773193,21.643312,1.407479,-0.029157,0.904762,0.964286,0.750000,1.250000,21750.250000
20250604 071500,-0.000379,0.000265,-0.000950,57.785033,-3.237111,19.575108,22.058502,0.936147,0.739439,0.441176,0.338235,3.750000,5.750000,21742.000000
20250604 073000,-0.000483,-0.000897,-0.000372,53.868305,-3.916728,19.409029,20.935183,0.385714,-0.626190,0.594203,0.246377,2.750000,4.250000,21731.500000
20250604 074500,0.000575,0.000713,-0.000819,57.556584,3.688279,19.236955,19.767650,0.900461,-0.794863,0.750000,0.985294,0.250000,4.000000,21744.000000
20250604 080000,0.000138,0.000748,-0.000828,58.415890,0.859306,18.791459,18.509457,0.972476,-0.664065,0.211538,0.307692,9.000000,1.250000,21747.000000
20250604 081500,0.000586,0.000437,-0.001235,61.942454,3.526564,18.895640,16.257782,1.652286,1.794785,0.580247,0.641975,7.250000,1.250000,21759.750000
20250604 083000,-0.003695,-0.002879,0.002422,39.332639,-22.609815,25.010237,18.507769,-2.836647,4.250572,0.762836,0.237164,0.000000,24.250000,21679.500000
20250604 084500,0.000231,-0.002165,0.002168,40.782963,1.450324,25.384506,19.592326,-2.399536,1.282491,0.107438,0.239669,23.000000,4.000000,21684.500000
20250604 090000,0.001106,-0.001634,0.001032,47.295943,6.512981,25.553470,20.097617,-1.115182,0.793170,0.855856,0.864865,3.750000,0.250000,21708.500000
20250604 091500,0.000138,-0.001634,0.000816,48.064877,0.768934,24.960365,20.239334,-0.875770,0.226158,0.115942,0.695652,5.250000,10.000000,21711.500000
20250604 093000,0.000645,-0.001575,0.000163,51.612745,3.547867,25.748910,20.255647,-0.175260,1.841202,0.375000,0.604167,14.250000,8.250000,21725.500000
20250604 094500,0.001426,0.003545,-0.001207,58.390918,6.778174,29.373988,21.115675,1.243744,3.986100,0.401961,0.519608,36.750000,9.000000,21756.500000
20250604 100000,-0.000115,0.003200,-0.001008,57.689078,-0.701840,30.990132,21.501032,1.019718,1.825146,0.043269,0.375000,30.250000,19.500000,21754.000000
20250604 101500,-0.001967,0.000127,0.000925,47.233976,-10.455102,36.847980,21.945141,-0.915351,2.858679,0.332542,0.667458,0.000000,70.250000,21711.250000
20250604 103000,0.001473,0.001461,-0.000520,53.960137,6.726161,37.840981,22.097596,0.511368,1.409866,0.630542,0.940887,3.000000,15.750000,21743.250000
20250604 104500,-0.000851,-0.000035,0.000288,49.992565,-3.967571,38.602340,21.985148,-0.284851,0.732039,0.386598,0.304124,15.000000,14.750000,21724.750000
20250604 110000,0.001667,0.000207,-0.001321,56.709422,6.716856,40.041458,22.921742,1.254268,0.445364,0.600000,0.944681,3.250000,20.250000,21761.000000
20250604 111500,0.000517,0.000839,-0.001788,58.569293,1.859872,39.252783,24.221875,1.607534,0.363327,0.387931,0.577586,12.250000,5.500000,21772.250000
20250604 113000,-0.000804,0.002002,-0.000925,54.636993,-3.932300,38.288298,24.633247,0.816985,0.119291,0.669903,0.038835,7.500000,1.000000,21754.750000
20250604 114500,-0.000655,-0.000126,-0.000248,51.599049,-3.037945,38.660562,24.648209,0.218576,0.313768,0.333333,0.206897,20.000000,9.000000,21740.500000
20250604 120000,0.000632,0.001357,-0.000871,54.242826,2.643777,38.024094,24.786069,0.764038,0.056285,0.478992,0.588235,12.250000,3.250000,21754.250000
20250604 121500,-0.002025,-0.002335,0.001081,45.649828,-8.592997,38.950944,25.317965,-0.927207,0.093299,0.852941,0.083333,3.250000,4.250000,21710.250000
20250604 123000,0.000437,-0.002414,0.000616,47.580682,1.930854,38.472305,25.498465,-0.525032,-0.224606,0.286822,0.356589,20.750000,2.250000,21719.750000
20250604 124500,0.000667,-0.000943,-0.000074,50.472833,2.892151,37.367141,25.379051,0.063044,-0.442718,0.652174,0.934783,1.500000,6.500000,21734.250000
20250604 130000,0.000920,0.000632,-0.000976,54.224381,3.751548,36.590916,25.631947,0.828556,-0.534816,0.792453,0.858491,3.750000,1.750000,21754.250000
20250604 131500,0.000839,0.000839,-0.001784,57.395687,3.171306,35.691565,26.434991,1.469643,-0.633014,0.760417,0.822917,4.250000,1.500000,21772.500000
20250604 133000,0.000069,0.002932,-0.001636,57.655354,0.259666,34.285025,24.724039,1.440905,-0.791747,0.062500,0.515625,7.750000,7.250000,21774.000000
20250604 134500,-0.000046,0.002449,-0.001387,57.404166,-0.251188,33.889666,22.505916,1.341869,-0.538396,0.026087,0.643478,9.500000,18.500000,21773.000000
20250604 140000,0.000597,0.002378,-0.001805,59.852898,2.448733,32.968975,22.934431,1.714671,-0.882797,0.619048,0.773809,4.750000,3.250000,21786.000000
20250604 141500,0.000034,0.001493,-0.001667,59.995782,0.142884,32.167620,23.027548,1.576916,-0.398903,0.045977,0.413793,12.750000,8.000000,21786.750000
20250604 143000,0.000424,0.001079,-0.001929,61.801460,1.805678,31.316361,24.301141,1.729857,-0.869641,0.432099,0.901235,2.000000,9.500000,21796.000000
20250604 144500,0.000126,0.001136,-0.001958,62.345619,0.544159,30.365193,26.192687,1.629271,-0.740395,0.166667,0.763889,4.250000,10.750000,21798.750000
20250604 150000,-0.000734,0.000448,-0.001159,57.236738,-5.108881,30.214108,26.820756,0.940969,-0.472373,0.584071,0.389381,0.750000,11.000000,21782.750000
20250604 151500,0.000448,0.000298,-0.001419,59.419024,2.182286,29.716671,25.632877,1.206458,-0.813735,0.408602,0.752688,5.750000,8.000000,21792.500000
20250604 153000,-0.000356,-0.000092,-0.000969,56.932005,-2.487019,28.629766,25.744951,0.819578,-1.261691,0.534483,0.396552,1.000000,5.750000,21784.750000
20250604 154500,-0.000195,-0.000711,-0.000646,55.558667,-1.373338,28.709783,24.363250,0.577201,0.171992,0.126050,0.571429,9.000000,17.000000,21780.500000
20250604 160000,-0.001045,-0.001883,0.000392,48.775950,-6.782717,29.659084,24.409770,-0.349245,3.725857,0.553571,0.226190,9.250000,9.500000,21757.750000
20250604 161500,0.000034,-0.001114,0.000326,48.997011,0.221061,29.058435,24.425432,-0.290169,0.034604,0.058824,0.741176,5.500000,14.500000,21758.500000
20250604 163000,0.000115,-0.001446,0.000225,49.775085,0.778074,27.911404,24.324550,-0.201443,-1.603125,0.173077,0.711538,3.750000,7.000000,21761.000000
20250604 164500,-0.000184,-0.001275,0.000447,48.500193,-1.274892,26.614161,23.721417,-0.409967,-1.768952,0.435897,0.564103,0.000000,5.500000,21757.000000
20250604 170000,-0.000414,-0.001493,0.000847,45.666049,-2.834144,26.391721,23.924004,-0.769624,-1.396909,0.382979,0.329787,6.750000,7.750000,21748.000000
20250604 181500,0.000437,-0.000011,0.000518,49.050470,3.384421,26.488741,20.323309,-0.554782,-1.284744,0.459459,0.927928,2.000000,13.000000,21757.500000
20250604 183000,0.000080,0.000034,0.000529,49.672368,0.621897,25.257402,17.131842,-0.671265,-1.359812,0.324324,0.837838,1.500000,4.750000,21759.250000
20250604 184500,-0.000253,-0.000333,0.000826,47.701664,-1.970704,25.042588,15.504415,-1.159347,-1.093962,0.269663,0.157303,12.750000,3.500000,21753.750000
20250604 190000,-0.000138,-0.000287,0.000956,46.615292,-1.086371,23.700260,15.718938,-1.323245,-1.171122,0.520000,0.280000,1.250000,1.750000,21750.750000
20250604 191500,-0.000172,-0.000046,0.001070,45.228685,-1.386607,23.257384,16.599680,-1.402135,-1.004648,0.228571,0.314286,8.000000,5.500000,21747.000000
20250604 193000,-0.000103,-0.000586,0.001107,44.375768,-0.852917,22.506857,17.472635,-1.377153,-0.956049,0.215686,0.509804,3.500000,6.500000,21744.750000
20250604 194500,0.000103,-0.000563,0.000943,45.482927,1.107159,21.649224,18.069739,-1.135185,-0.891433,0.285714,0.952381,0.500000,7.000000,21747.000000
20250604 200000,-0.000276,-0.000586,0.001116,43.023655,-2.459273,21.138565,18.425776,-1.316769,-0.811950,0.413793,0.258621,4.750000,3.750000,21741.000000
20250604 201500,0.000529,0.000080,0.000508,48.744143,5.720488,20.842954,17.934185,-0.616142,-0.691085,0.617647,0.838235,2.750000,3.750000,21752.500000
20250604 203000,0.000471,0.000724,-0.000040,53.249559,4.505416,20.211314,16.317260,0.052858,-0.663586,0.812500,0.958333,0.500000,1.750000,21762.750000
20250604 204500,-0.000184,0.000644,0.000052,51.352529,-1.897029,19.499792,13.957183,-0.081499,-0.599044,0.317073,0.219512,4.750000,2.250000,21758.750000
20250604 210000,-0.000667,-0.000126,0.000631,45.082637,-6.269892,19.374807,13.311244,-1.030144,-0.457649,0.774648,0.042254,3.250000,0.750000,21744.250000
20250604 211500,0.000057,0.000207,0.000465,45.698154,0.615516,18.687320,10.944883,-0.923948,-0.489510,0.051282,0.333333,6.000000,3.250000,21745.500000
20250604 213000,-0.000264,-0.000586,0.000626,43.294326,-2.403828,18.673940,9.211906,-1.477707,-0.374569,0.283784,0.486486,4.250000,9.000000,21739.750000
20250604 214500,0.000103,-0.000954,0.000434,44.524053,1.229727,18.250802,7.126480,-1.324286,-0.342644,0.176471,0.568627,5.500000,5.000000,21742.000000
20250604 220000,0.000655,-0.000115,-0.000225,51.672241,7.148187,18.107887,7.067299,0.691565,-0.200160,0.907692,0.938461,1.000000,0.500000,21756.250000
20250604 221500,-0.000333,0.000218,0.000087,48.264791,-3.407450,17.707324,6.888612,-0.274003,-0.478948,0.640000,0.220000,1.750000,2.750000,21749.000000
20250604 223000,-0.000368,-0.000207,0.000409,44.757478,-3.507312,17.263944,6.799115,-1.307155,0.674089,0.673913,0.130435,2.250000,1.500000,21741.000000
20250604 224500,0.000184,0.000241,0.000197,46.837667,2.080189,16.905805,6.673303,-0.642485,1.153249,0.367347,0.673469,4.000000,3.750000,21745.000000
20250604 230000,0.000011,0.000149,0.000179,46.972067,0.134400,16.055390,6.726533,-0.579793,-1.298091,0.150000,0.400000,3.000000,1.250000,21745.250000
20250604 231500,0.000241,-0.000264,-0.000078,49.839920,2.867853,15.783577,6.459779,0.263167,0.137791,0.346939,0.714286,3.500000,4.500000,21750.500000
20250604 233000,0.000126,0.000195,-0.000218,51.324888,1.484968,15.245464,6.096618,0.779120,-0.620706,0.393939,0.757576,2.000000,3.000000,21753.250000
20250604 234500,-0.000011,0.000552,-0.000209,51.176560,-0.148328,14.638645,6.066442,0.747967,-0.293069,0.037037,0.740741,1.500000,5.000000,21753.000000
20250605 000000,-0.000126,0.000241,-0.000083,49.482522,-1.694038,14.021599,6.057988,0.299192,-1.245345,0.416667,0.291667,1.750000,1.750000,21750.250000
20250605 001500,0.000092,0.000322,-0.000163,50.759136,1.276614,13.520056,6.103585,0.581625,-1.127238,0.178571,0.857143,1.000000,4.750000,21752.250000
20250605 003000,-0.000023,0.000057,-0.000124,50.416122,-0.343014,13.411481,6.067640,0.444984,1.330874,0.041667,0.375000,7.000000,4.500000,21751.750000
20250605 004500,0.000000,-0.000069,-0.000113,50.416122,0.000000,12.989232,6.075707,0.405303,-0.611173,0.033333,0.866667,1.000000,6.250000,21751.750000
20250605 010000,-0.000149,-0.000207,0.000053,47.972291,-2.443831,12.400716,5.776718,-0.201239,-1.724249,0.666667,0.333333,0.000000,1.500000,21748.500000
20250605 011500,-0.000701,-0.000782,0.000711,38.533587,-9.438704,13.229236,6.746110,-2.290208,1.943760,0.635417,0.333333,0.750000,8.000000,21733.250000
20250605 013000,0.000012,-0.000862,0.000632,38.746356,0.212769,12.712862,6.712151,-2.046661,-1.123304,0.041667,0.541667,2.500000,3.250000,21733.500000
20250605 014500,0.000058,-0.000782,0.000519,39.867179,1.120823,12.519086,6.692008,-1.686713,0.158810,0.050000,1.000000,0.000000,9.500000,21734.750000
20250605 020000,-0.000023,-0.000805,0.000519,39.555394,-0.311785,12.285580,7.163831,-1.575623,-0.791719,0.027027,0.810811,1.500000,7.500000,21734.250000
20250605 021500,-0.000334,-0.000989,0.000811,35.250540,-4.304854,12.122324,8.224763,-2.141399,0.094847,0.700000,0.150000,1.500000,1.500000,21727.000000
20250605 023000,0.000460,0.000173,0.000344,44.261208,9.010668,12.542158,8.327252,-0.897655,0.776791,0.500000,0.777778,4.000000,5.000000,21737.000000
20250605 024500,-0.000115,0.000046,0.000442,42.662774,-1.598434,12.664147,8.594839,-1.116949,0.621502,0.228070,0.315789,6.500000,4.500000,21734.500000
20250605 030000,0.000207,0.000196,0.000195,46.414054,3.751280,12.527422,8.188206,-0.517513,-0.517125,0.372093,0.720930,3.000000,3.750000,21739.000000
20250605 031500,0.001115,0.001333,-0.000887,61.160819,14.746765,13.418321,9.214323,2.094565,2.584555,0.939394,0.969697,0.750000,0.750000,21763.250000
20250605 033000,0.002226,0.003893,-0.002946,75.614787,14.453968,16.674155,17.372297,3.699136,3.861709,0.834746,0.927966,4.250000,5.500000,21811.750000
20250605 034500,0.000871,0.004304,-0.003618,78.923848,3.309062,18.340287,25.094559,3.147096,2.591342,0.456250,0.768750,9.250000,12.500000,21830.750000
20250605 040000,-0.000836,0.003582,-0.002630,69.209023,-9.714825,18.905266,28.296254,2.027212,1.404519,0.704762,0.266667,0.750000,7.000000,21812.500000
20250605 041500,0.000252,0.003627,-0.002727,70.391854,1.182830,18.662033,31.397400,1.894663,0.862000,0.322581,0.387097,9.500000,1.000000,21818.000000
20250605 043000,0.000699,0.003211,-0.003240,73.438635,3.046781,19.596888,35.322751,2.002604,0.560579,0.488189,0.700787,9.500000,6.750000,21833.250000
20250605 044500,-0.000607,0.000378,-0.002481,66.988606,-6.450029,19.822110,37.379011,1.448340,0.197536,0.560440,0.076923,8.250000,1.750000,21820.000000
20250605 050000,-0.001376,-0.001868,-0.001017,55.173050,-11.815555,21.781245,37.552413,0.589842,1.287335,0.645503,0.349206,0.250000,16.500000,21790.000000
20250605 051500,-0.000861,-0.001893,-0.000113,49.318088,-5.854963,21.671870,37.385709,0.065533,0.302116,0.950617,0.000000,1.000000,0.000000,21771.250000
20250605 053000,0.000138,-0.002007,-0.000199,50.228180,0.910092,21.570308,37.193758,0.116283,0.108803,0.148148,0.506173,10.000000,7.250000,21774.250000
20250605 054500,0.000574,-0.002132,-0.000692,53.939547,3.711368,21.297429,37.120757,0.406107,-0.667706,0.704225,0.830986,3.000000,2.250000,21786.750000
20250605 060000,-0.000505,-0.002030,-0.000125,50.379379,-3.560169,21.258327,36.743305,0.073823,-0.621753,0.530120,0.397590,1.500000,8.250000,21775.750000
20250605 061500,0.000884,0.000229,-0.000866,55.868858,5.489480,21.650589,35.853914,0.526442,-0.232752,0.719626,0.728972,7.250000,0.250000,21795.000000
20250605 063000,-0.000126,0.000964,-0.000605,54.933892,-0.934966,20.800547,34.627019,0.380844,-0.941695,0.179487,0.102564,7.000000,1.000000,21792.250000
20250605 064500,-0.001676,-0.000850,0.001120,44.329931,-10.603961,22.886222,33.569655,-0.725730,0.729408,0.725000,0.020000,12.750000,1.000000,21755.750000
20250605 070000,0.000976,-0.000448,0.000241,50.340071,6.010140,23.090778,31.900921,-0.164572,-0.432977,0.854369,0.902913,2.500000,1.250000,21777.000000
20250605 071500,-0.001298,-0.001241,0.001590,43.600954,-6.739118,23.727151,30.331015,-1.140334,0.035071,0.867187,0.015625,3.750000,0.500000,21748.750000
20250605 073000,0.000057,-0.002067,0.001563,43.958453,0.357500,23.085926,29.457753,-1.153771,-0.449447,0.118644,0.288136,10.500000,2.500000,21750.000000
20250605 074500,0.000287,-0.001653,0.001325,45.808117,1.849664,23.133360,27.974888,-1.030388,-0.074587,0.252632,0.421053,13.750000,4.000000,21756.250000
20250605 080000,0.000620,0.000643,0.000775,49.672056,3.863939,23.070263,26.188317,-0.643894,-0.542230,0.584270,0.629213,8.250000,1.000000,21769.750000
20250605 081500,0.000390,0.000057,0.000418,51.993029,2.320973,22.975958,25.719092,-0.354309,-0.308576,0.505747,0.850575,3.250000,7.500000,21778.250000
20250605 083000,-0.000643,0.000712,0.000953,48.061579,-3.931450,22.834818,25.550009,-0.811644,-0.263236,0.666667,0.154762,3.750000,3.250000,21764.250000
20250605 084500,0.000023,0.000678,0.000778,48.212192,0.150613,25.864474,23.615259,-0.717227,3.935357,0.026820,0.800766,13.000000,50.500000,21764.750000
20250605 090000,0.001687,0.002078,-0.000934,57.880099,9.667907,34.302726,23.011611,0.884879,4.013740,0.253472,0.329861,96.500000,11.000000,21801.500000
20250605 091500,0.000447,0.001905,-0.001396,60.012930,2.132831,33.691817,22.512580,1.352577,0.815123,0.417476,0.601942,10.250000,4.750000,21811.250000
20250605 093000,0.000000,0.001514,-0.001447,60.012930,0.000000,33.410259,20.357216,1.549819,1.017899,0.016807,0.697479,9.000000,20.250000,21811.250000
20250605 094500,-0.001491,0.000666,-0.000051,50.188233,-9.824697,38.541669,18.138439,0.061334,3.917728,0.315914,0.413302,28.500000,43.500000,21778.750000
20250605 100000,-0.002529,-0.001886,0.002328,38.655144,-11.533089,42.181550,21.344364,-2.369478,2.520426,0.608939,0.360335,2.750000,32.250000,21723.750000
20250605 101500,0.000035,-0.003538,0.002186,38.861465,0.206320,43.418582,23.953532,-1.982484,1.242090,0.004202,0.357143,38.000000,21.250000,21724.500000
20250605 103000,0.003527,-0.000459,-0.001280,55.394541,16.533077,46.817254,24.789271,1.125991,0.954385,0.848901,0.967033,3.000000,10.750000,21801.250000
20250605 104500,0.001387,0.000928,-0.002562,59.987248,4.592707,55.133879,27.742578,2.015854,2.434374,0.183767,0.781011,35.750000,97.500000,21831.500000
20250605 110000,0.001202,0.003621,-0.003572,63.499371,3.512123,56.535031,33.022350,2.364308,1.032413,0.357860,0.719064,21.000000,27.000000,21857.750000
20250605 111500,0.000583,0.006733,-0.003980,65.101663,1.602292,54.675386,38.430993,2.265099,0.208790,0.401639,0.852459,4.500000,13.750000,21870.500000
20250605 113000,0.002261,0.008959,-0.005938,70.513494,5.411831,54.859287,48.626785,2.676765,0.603442,0.855895,0.873362,7.250000,1.000000,21920.000000
20250605 114500,-0.000080,0.005352,-0.005488,70.099616,-0.413878,52.690766,55.361893,2.172749,-0.142665,0.051020,0.581633,9.000000,14.250000,21918.250000
20250605 120000,0.000080,0.004046,-0.005241,70.287429,0.187813,51.641426,61.126941,1.879490,-0.189712,0.052632,0.605263,15.000000,21.000000,21920.000000
20250605 121500,-0.002421,0.000423,-0.002560,58.336276,-11.951153,52.256324,61.108198,0.915998,-0.051090,0.883817,0.070539,2.750000,4.250000,21867.000000
20250605 123000,-0.000297,-0.000457,-0.002010,57.054985,-1.281291,52.755872,60.331356,0.728477,0.890711,0.105485,0.814346,4.750000,48.250000,21860.500000
20250605 124500,-0.002691,-0.005409,0.000783,47.005628,-10.049357,53.773310,58.854434,-0.290123,-0.338307,0.873134,0.014925,7.500000,1.000000,21801.750000
20250605 130000,-0.005266,-0.010595,0.005877,34.318672,-12.686956,59.343073,64.745733,-1.968469,1.451559,0.870968,0.129032,0.000000,17.000000,21687.250000
20250605 131500,0.003234,-0.007441,0.002581,44.259139,9.940467,62.175711,65.483551,-0.857658,0.088238,0.712121,0.989899,1.000000,27.500000,21757.500000
20250605 133000,0.000689,-0.004331,0.001910,46.133750,1.874611,59.841732,65.196343,-0.637689,-0.736827,0.516949,0.542373,13.500000,0.750000,21772.500000
20250605 134500,0.000356,-0.003678,0.001589,47.123209,0.989459,56.853037,64.695605,-0.534812,-1.175454,0.444444,0.472222,9.500000,0.500000,21780.250000
20250605 140000,-0.002356,-0.003342,0.003784,41.671896,-5.451313,57.113534,67.319987,-1.221405,-0.665707,0.847107,0.132231,1.250000,8.000000,21729.000000
20250605 141500,-0.002039,-0.000115,0.005541,37.624791,-4.047105,57.444710,72.744562,-1.651670,-0.286659,0.732794,0.105263,10.000000,6.500000,21684.750000
20250605 143000,0.001060,-0.002289,0.004237,40.840838,3.216047,61.002231,75.728995,-1.214528,0.304184,0.230769,0.946387,5.750000,76.750000,21707.750000
20250605 144500,0.000069,-0.002909,0.004008,41.054296,0.213457,60.377071,78.167089,-1.113000,-0.216401,0.038278,0.416268,30.500000,19.750000,21709.250000
20250605 150000,-0.001037,-0.004302,0.004964,38.793193,-2.261102,59.510852,80.270613,-1.341089,-0.925150,0.440414,0.129534,20.750000,6.250000,21686.750000
20250605 151500,-0.003245,-0.005191,0.007980,32.731712,-6.061481,61.492220,88.047324,-1.959174,-0.492213,0.802292,0.065903,11.500000,5.750000,21616.500000
20250605 153000,-0.001899,-0.005051,0.009372,29.804665,-2.927047,66.421347,99.481320,-2.032668,2.061470,0.314176,0.551724,17.500000,72.000000,21575.500000
20250605 154500,0.002488,-0.003623,0.006396,37.673541,7.868876,68.962679,103.690266,-1.334262,0.437799,0.526961,0.551471,45.750000,2.500000,21629.250000
20250605 160000,-0.001909,-0.005601,0.007695,34.479129,-3.194412,71.393916,108.518273,-1.530733,1.628738,0.400485,0.228155,38.250000,23.500000,21588.000000
20250605 161500,-0.000197,-0.004761,0.007229,34.157768,-0.321361,69.312208,111.105887,-1.404291,-1.077700,0.094675,0.153846,31.750000,6.500000,21583.750000
20250605 163000,-0.000209,-0.001725,0.006649,33.798562,-0.359206,70.289908,108.252496,-1.325489,-1.302150,0.066265,0.783133,12.500000,65.000000,21579.250000
20250605 164500,-0.002006,-0.001832,0.007783,30.480843,-3.317719,69.304914,105.762012,-1.584926,-1.505555,0.774336,0.199115,1.500000,11.250000,21536.000000
20250605 170000,-0.000976,-0.005296,0.007826,28.992689,-1.488154,67.408135,101.062372,-1.666050,-1.466344,0.508772,0.099415,16.750000,4.250000,21515.000000
20250605 181500,-0.000314,-0.003701,0.007308,28.510852,-0.481837,65.736125,98.688300,-1.592767,-1.330705,0.967532,0.967532,1.250000,0.000000,21508.250000
20250605 183000,0.001057,-0.002447,0.005479,32.577873,4.067021,62.790687,92.028028,-1.281811,-1.289196,0.908163,0.948980,1.250000,1.000000,21531.000000
20250605 184500,-0.000081,-0.002320,0.004928,32.425061,-0.152812,59.609210,88.503505,-1.198681,-1.220368,0.123288,0.452055,7.750000,8.250000,21529.250000
20250605 190000,0.001335,0.001021,0.003288,37.603296,5.178236,57.726409,89.193137,-0.794624,-1.113529,0.796992,0.924812,2.500000,4.250000,21558.000000
20250605 191500,0.000255,0.002252,0.002582,38.573057,0.969761,54.835237,85.134016,-0.653969,-0.983533,0.289855,0.550725,7.750000,4.500000,21563.500000
20250605 193000,-0.000533,0.002032,0.002605,37.268786,-1.304271,52.668434,78.590370,-0.714464,-0.916599,0.459184,0.489796,1.250000,12.000000,21552.000000
20250605 194500,0.000174,0.001149,0.001910,38.004924,0.736138,50.674261,68.606218,-0.600164,-0.922462,0.222222,0.626263,9.250000,10.000000,21555.750000
20250605 200000,-0.000476,0.000755,0.001961,36.735974,-1.268950,48.911813,62.311064,-0.678050,-0.822120,0.394231,0.019231,15.250000,0.500000,21545.500000
20250605 201500,0.001565,0.000985,0.000149,43.433280,6.697306,48.543112,58.206577,-0.055406,-0.649334,0.777143,0.794286,9.000000,0.750000,21579.250000
20250605 203000,-0.000498,0.000232,0.000325,41.911351,-1.521929,46.950747,50.641909,-0.138472,-0.683356,0.400000,0.485714,3.000000,12.750000,21568.500000
20250605 204500,-0.000185,0.000580,0.000175,41.331009,-0.580342,44.864980,40.298876,-0.093675,-0.638452,0.253521,0.295775,8.000000,5.250000,21564.500000
20250605 210000,0.000336,0.000742,-0.000428,42.874988,1.543979,43.660338,29.828248,0.309271,-0.551797,0.258929,0.991071,0.250000,20.500000,21571.750000
20250605 211500,0.000371,0.001588,-0.000883,44.607283,1.732296,41.898885,27.486687,0.693518,-0.506551,0.447368,0.881579,2.250000,8.250000,21579.750000
20250605 213000,-0.000278,-0.000255,-0.000610,43.540838,-1.066445,40.298965,27.442144,0.479190,-0.478281,0.320513,0.474359,4.000000,9.250000,21573.750000
20250605 214500,0.001123,0.001367,-0.001804,48.862167,5.321329,39.688325,24.185258,1.611002,-0.341835,0.795276,0.968504,1.000000,5.500000,21598.000000
20250605 220000,-0.000625,0.000927,-0.001188,46.248843,-2.613324,38.407016,23.986907,1.068812,-0.509905,0.609195,0.252874,3.000000,5.500000,21584.500000
20250605 221500,-0.000185,0.000406,-0.001010,45.472805,-0.776038,36.395800,23.828240,0.914881,-0.969096,0.390244,0.463415,1.500000,4.750000,21580.500000
20250605 223000,0.000220,0.000255,-0.001216,46.618299,1.145495,34.867529,24.121049,1.088261,-1.131557,0.366667,0.850000,2.250000,7.250000,21585.250000
20250605 224500,-0.000162,0.000371,-0.000948,45.853909,-0.764391,33.555563,24.000426,0.852589,-1.316231,0.257576,0.530303,3.500000,8.750000,21581.750000
20250605 230000,0.000301,-0.000452,-0.001079,47.573173,1.719264,32.123022,22.177212,1.050628,-1.426919,0.444444,0.796296,2.750000,4.750000,21588.250000
20250605 231500,-0.000116,0.000058,-0.000784,46.955619,-0.617553,30.685664,18.376633,0.921007,-1.133901,0.270833,0.500000,2.750000,6.000000,21585.750000
20250605 233000,0.000394,0.000637,-0.001031,49.362466,2.406846,29.833116,16.984823,1.310729,-0.540015,0.466667,0.466667,10.000000,0.000000,21594.250000
20250605 234500,0.000856,0.001273,-0.001693,54.230186,4.867720,29.505751,16.211353,2.256906,0.216509,0.673267,0.980198,0.500000,7.750000,21612.750000
20250606 000000,-0.000139,0.001297,-0.001435,53.334825,-0.895361,28.183911,17.205377,1.801762,-0.320312,0.340909,0.272727,4.250000,3.000000,21609.750000
20250606 001500,-0.000081,0.000914,-0.001251,52.787320,-0.547505,27.152918,17.950609,1.505520,-0.011895,0.145455,0.472727,5.250000,6.500000,21608.000000
20250606 003000,0.000243,0.001273,-0.001352,54.302876,1.515556,25.874138,17.970857,1.625548,-1.300858,0.486486,1.000000,0.000000,4.750000,21613.250000
20250606 004500,0.000590,0.001469,-0.001778,57.842250,3.539374,25.775985,18.937991,2.030310,0.312929,0.540816,0.969388,0.750000,10.500000,21626.000000
20250606 010000,0.001086,0.001699,-0.002621,63.459843,5.617593,25.774129,20.858751,2.720680,2.115675,0.932039,0.941748,1.500000,0.250000,21649.500000
20250606 011500,0.000554,0.002392,-0.002984,65.954606,2.494763,25.308120,25.404536,2.544329,1.057466,0.649351,0.714286,5.500000,1.250000,21661.500000
20250606 013000,-0.000277,0.002196,-0.002507,63.615881,-2.338725,24.696826,27.534782,1.971597,0.238248,0.358209,0.388060,4.250000,6.500000,21655.500000
20250606 014500,0.000392,0.002345,-0.002669,65.483193,1.867312,23.914910,29.379189,1.967804,-0.690309,0.654545,1.000000,0.000000,4.750000,21664.000000
20250606 020000,-0.000335,0.001421,-0.002138,62.535155,-2.948038,23.528130,30.225907,1.532212,-0.170890,0.364865,0.297297,6.250000,5.500000,21656.750000
20250606 021500,-0.000323,0.000012,-0.001654,59.738725,-2.796430,23.115407,30.521189,1.173365,0.856161,0.450704,0.478873,1.250000,8.500000,21649.750000
20250606 023000,0.000450,-0.000092,-0.001906,62.269555,2.530829,23.714306,30.597477,1.348967,2.214596,0.333333,0.968254,1.000000,20.000000,21659.500000
20250606 024500,0.000323,0.000508,-0.002070,64.018333,1.748778,24.073999,31.945990,1.403932,2.216308,0.252174,0.321739,19.500000,2.000000,21666.500000
20250606 030000,0.000035,0.000150,-0.001914,64.209739,0.191406,23.247284,32.224047,1.286694,0.674794,0.200000,0.740000,3.250000,6.750000,21667.250000
20250606 031500,-0.000508,-0.000023,-0.001232,59.232902,-4.976837,23.765336,31.111001,0.857414,1.976710,0.377049,0.278689,10.500000,8.500000,21656.250000
20250606 033000,-0.000139,0.000162,-0.000936,57.914485,-1.318418,23.603526,29.767841,0.681104,0.055290,0.104651,0.127907,16.500000,2.750000,21653.250000
20250606 034500,0.000635,0.000346,-0.001374,62.080481,4.165996,23.256845,28.189368,1.055806,-0.098727,0.680000,0.786667,4.000000,2.000000,21667.000000
20250606 040000,-0.000323,-0.000300,-0.000885,58.884758,-3.195723,23.238499,26.223808,0.731206,0.107179,0.326087,0.086957,13.500000,2.000000,21660.000000
20250606 041500,-0.000450,-0.000785,-0.000286,54.663853,-4.220905,23.310749,23.023168,0.269294,1.589115,0.432990,0.103093,11.250000,2.500000,21650.250000
20250606 043000,0.000046,-0.000231,-0.000201,55.019978,0.356125,23.806410,20.013339,0.217355,0.484145,0.057851,0.446281,16.750000,11.750000,21651.250000
20250606 044500,0.000346,0.000254,-0.000441,57.703517,2.683540,23.284524,18.545990,0.514936,-0.749051,0.469697,0.878788,2.000000,6.750000,21658.750000
20250606 050000,0.000104,-0.000277,-0.000426,58.503365,0.799847,22.496343,16.325876,0.565820,-1.251477,0.244898,0.775510,2.750000,6.500000,21661.000000
20250606 051500,0.000242,0.000289,-0.000534,60.385780,1.882416,22.068033,13.144890,0.880570,-0.102788,0.272727,0.909091,1.500000,10.500000,21666.250000
20250606 053000,0.000588,0.001327,-0.000970,64.587221,4.201440,21.866745,10.284173,2.045619,-0.359653,0.610390,0.753247,4.750000,2.750000,21679.000000
20250606 054500,-0.000346,0.000935,-0.000520,60.521017,-4.066203,21.769120,7.659747,1.470349,-0.649075,0.353659,0.182927,9.500000,3.750000,21671.500000
20250606 060000,0.000634,0.001223,-0.001071,64.885699,4.364682,21.571326,8.999618,2.580665,-1.061934,0.723684,0.723684,5.250000,0.000000,21685.250000
20250606 061500,-0.000138,0.000981,-0.000885,63.242837,-1.642863,21.137660,10.017758,1.915349,-0.707198,0.225806,0.629032,2.250000,9.750000,21682.250000
20250606 063000,0.000311,0.001049,-0.001119,65.367561,2.124724,20.824256,11.328194,2.141780,-0.602328,0.402985,0.671642,5.500000,4.500000,21689.000000
20250606 064500,-0.000703,-0.000242,-0.000393,57.307753,-8.059808,21.015380,11.494537,0.741657,-0.814816,0.617021,0.244681,3.250000,5.750000,21673.750000
20250606 070000,-0.000785,-0.000681,0.000391,49.918691,-7.389063,20.942853,11.494537,-0.737307,-0.207059,0.887500,0.062500,1.000000,1.250000,21656.750000
20250606 071500,0.000196,-0.001119,0.000221,51.598872,1.680181,21.250506,10.987571,-0.435720,1.694180,0.148515,0.722772,7.000000,14.500000,21661.000000
20250606 073000,0.000473,-0.000507,-0.000225,55.478334,3.879462,22.357613,10.949743,0.445216,2.295234,0.319728,0.727891,10.000000,15.000000,21671.250000
20250606 074500,0.000081,-0.000738,-0.000291,56.124929,0.646596,22.314212,11.044682,0.570410,0.865304,0.034483,0.597701,8.750000,12.250000,21673.000000
20250606 080000,-0.000104,-0.000138,-0.000179,55.018561,-1.106368,21.827483,11.079683,0.349739,-0.195932,0.193548,0.112903,10.750000,1.750000,21670.750000
20250606 081500,0.000542,0.001188,-0.000660,59.507638,4.489077,21.679091,11.295982,1.267043,1.346963,0.594937,0.848101,3.000000,5.000000,21682.500000
20250606 083000,-0.000092,0.000900,-0.000505,58.438582,-1.069055,21.844870,11.052884,0.990692,2.792816,0.072917,0.760417,4.000000,18.250000,21680.500000
20250606 084500,0.004212,0.004638,-0.004464,77.952932,19.514349,27.784522,24.881293,3.906549,4.246807,0.871122,0.871122,13.500000,0.000000,21772.000000
20250606 090000,-0.000494,0.004064,-0.003740,73.581683,-4.371248,28.210628,30.922127,2.632015,1.278691,0.333333,0.400000,9.000000,13.500000,21761.250000
20250606 091500,0.000689,0.004857,-0.004137,75.634786,2.053103,28.713440,36.567342,2.463605,1.398610,0.432624,0.836879,5.750000,14.250000,21776.250000
20250606 093000,0.000987,0.005301,-0.004783,78.244573,2.609787,29.644623,42.955317,2.427232,2.050576,0.520958,0.658683,14.250000,5.750000,21797.750000
20250606 094500,0.001936,0.007330,-0.006293,82.264750,4.020176,33.509293,52.687676,2.608769,3.894074,0.501493,0.856716,12.000000,29.750000,21840.000000
20250606 100000,0.000011,0.003130,-0.005895,82.285609,0.020859,35.472915,59.644021,2.158431,2.079990,0.004098,0.606557,23.750000,37.000000,21840.250000
20250606 101500,-0.000183,0.003441,-0.005323,80.651130,-1.634480,36.028421,64.503463,1.802035,1.282941,0.098266,0.630058,11.750000,27.250000,21836.250000
20250606 103000,-0.002361,0.000390,-0.002729,63.235207,-17.415923,39.258534,65.254770,0.911044,1.216226,0.640000,0.270769,7.250000,22.000000,21784.750000
20250606 104500,0.001972,0.001375,-0.004336,69.213097,5.977890,41.615067,67.655214,1.398820,0.971538,0.595156,0.882353,8.500000,20.750000,21827.750000
20250606 110000,-0.000355,-0.000916,-0.003673,67.095577,-2.117521,40.713991,69.244242,1.157497,0.178398,0.258621,0.267241,13.750000,7.750000,21820.000000
20250606 111500,0.000973,0.000046,-0.004279,69.821876,2.726299,41.627277,71.272523,1.311164,0.836581,0.401869,0.462617,28.750000,3.250000,21841.250000
20250606 113000,-0.002349,-0.002120,-0.001705,57.457187,-12.364689,46.261043,70.501348,0.526940,1.468870,0.476526,0.502347,2.250000,53.500000,21790.000000
20250606 114500,0.000470,0.000711,-0.001884,59.020247,1.563060,45.403111,68.774500,0.597242,0.050179,0.299270,0.861314,4.750000,19.250000,21800.250000
20250606 120000,0.000264,-0.000997,-0.001805,59.910090,0.889843,44.749318,65.263527,0.603132,-0.153509,0.137931,0.386207,22.250000,9.000000,21806.000000
20250606 121500,0.000871,0.000229,-0.002298,62.785664,2.875575,43.910081,61.680086,0.813269,-0.584861,0.560606,0.712121,9.500000,5.000000,21825.000000
20250606 123000,-0.001616,-0.002361,-0.000412,54.915644,-7.870020,43.970075,56.955491,0.157799,-0.310312,0.780899,0.213483,0.250000,9.500000,21789.750000
20250606 124500,-0.001320,-0.001332,0.001110,49.469194,-5.446451,44.490070,51.608701,-0.468187,-0.261087,0.546341,0.248780,10.500000,12.750000,21761.000000
20250606 130000,-0.000264,-0.002066,0.001569,48.434558,-1.034636,45.240779,45.120220,-0.756590,-0.148222,0.109091,0.604545,15.750000,33.250000,21755.250000
20250606 131500,0.000379,-0.001951,0.001376,50.048802,1.614245,44.062866,38.492765,-0.777744,-0.648435,0.286957,0.921739,2.250000,18.250000,21763.500000
20250606 133000,0.001125,-0.001697,0.000496,54.594646,4.545844,44.254804,28.575107,-0.378389,-0.542332,0.529412,0.673797,15.250000,6.750000,21788.000000
20250606 134500,0.001181,0.001101,-0.000589,58.834916,4.240269,43.093747,28.060470,0.457940,-0.875489,0.900000,0.918182,2.250000,0.500000,21813.750000
20250606 140000,0.000355,0.002776,-0.000806,60.044327,1.209411,41.140622,26.850079,0.655026,-1.009242,0.492063,0.666667,5.250000,2.750000,21821.500000
20250606 141500,0.001294,0.004334,-0.001930,64.175953,4.131626,40.559149,27.824705,1.515290,-0.441547,0.833333,0.856061,4.750000,0.750000,21849.750000
20250606 143000,-0.000252,0.003703,-0.001572,62.814105,-1.361848,39.537067,28.830136,1.191028,-0.529182,0.228571,0.219048,14.500000,5.750000,21844.250000
20250606 144500,-0.000160,0.002418,-0.001410,61.913710,-0.900395,39.516562,28.869707,1.066862,0.346895,0.095541,0.165605,29.000000,6.500000,21840.750000
20250606 150000,-0.000263,0.000974,-0.001159,60.382373,-1.531337,38.443951,28.615760,0.884565,-0.760859,0.214286,0.336735,11.000000,8.250000,21835.000000
20250606 151500,-0.000321,0.000298,-0.000858,58.485886,-1.896487,37.501526,28.287464,0.661954,-0.771933,0.257426,0.227723,13.000000,5.750000,21828.000000
20250606 153000,-0.000894,-0.001890,0.000090,53.449653,-5.036233,37.019274,27.725921,-0.070782,-0.302733,0.626016,0.317073,1.750000,9.750000,21808.500000
20250606 154500,0.000034,-0.001604,0.000013,53.615094,0.165441,36.089326,27.440877,-0.010477,-0.451850,0.041667,0.729167,6.500000,16.500000,21809.250000
20250606 160000,-0.000917,-0.002361,0.000861,48.649703,-4.965391,36.672231,27.672075,-0.677578,2.643164,0.451977,0.107345,19.500000,4.750000,21789.250000
20250606 161500,0.000424,-0.001673,0.000338,50.913935,2.264232,35.570643,26.653503,-0.276230,-0.392145,0.447059,0.858823,3.000000,8.750000,21798.500000
20250606 163000,0.000493,-0.000859,-0.000111,53.481129,2.567194,34.583454,26.409764,0.091822,-1.982672,0.505747,0.551724,9.750000,1.000000,21809.250000
20250606 164500,0.000046,0.000080,-0.000134,53.723587,0.242458,32.506065,26.375190,0.110900,-1.892014,0.272727,0.318182,3.750000,0.250000,21810.250000
20250606 170000,-0.000034,0.000011,-0.000092,53.498374,-0.225213,31.059203,26.377429,0.075822,-1.596339,0.040816,0.673469,3.500000,8.250000,21809.500000
20250608 181500,-0.002180,-0.001251,0.001946,41.603165,-11.895209,33.037117,27.821687,-1.522194,-1.339825,0.634043,0.000000,21.500000,0.000000,21762.000000
20250608 183000,-0.000092,-0.001768,0.001970,41.187903,-0.415262,32.677323,29.317601,-1.462006,-1.339009,0.044643,0.633929,9.000000,17.750000,21760.000000
20250608 184500,-0.000851,-0.003111,0.002778,37.462923,-3.724980,32.521800,30.971204,-1.949795,-1.235430,0.606557,0.278689,3.500000,8.500000,21741.500000
20250608 190000,0.000000,-0.003157,0.002746,37.462923,0.000000,31.377386,32.129776,-1.858089,-1.131776,0.060606,0.681818,4.250000,11.250000,21741.500000
20250608 191500,0.000184,-0.002939,0.002520,38.849712,1.386789,31.136144,33.400187,-1.640709,-0.954488,0.125000,0.696429,8.500000,16.000000,21745.500000
20250608 193000,0.000368,-0.000391,0.002072,41.637265,2.787553,29.947848,34.850314,-1.293389,-0.985108,0.603448,0.724138,4.000000,1.750000,21753.500000
20250608 194500,0.000253,-0.000046,0.001693,43.542734,1.905469,28.630144,35.690972,-1.032124,-0.942255,0.456522,0.673913,3.750000,2.500000,21759.000000
20250608 200000,0.000138,0.000942,0.001418,44.605112,1.062378,27.942277,35.907039,-0.859511,-0.766612,0.065789,0.421053,11.000000,6.750000,21762.000000
20250608 201500,0.000804,0.001746,0.000452,50.461184,5.856072,27.910686,33.527545,-0.293788,-0.671147,0.581818,0.854545,4.000000,7.500000,21779.500000
20250608 203000,-0.000942,0.000621,0.001199,44.523386,-5.937798,27.917065,31.643056,-0.824430,-0.616545,0.741071,0.178571,2.250000,5.000000,21759.000000
20250608 204500,-0.000448,-0.000195,0.001437,41.992486,-2.530900,27.476561,29.827051,-1.048126,-0.537956,0.459770,0.206897,7.250000,4.500000,21749.250000
20250608 210000,-0.000011,-0.000460,0.001251,41.926675,-0.065811,26.210378,27.791554,-0.979164,-0.584088,0.102564,0.358974,5.250000,3.500000,21749.000000
20250608 211500,0.000092,-0.000506,0.000982,42.700339,0.773664,25.213208,25.597543,-0.834553,-0.508229,0.183673,0.918367,1.000000,9.000000,21751.000000
20250608 213000,-0.000402,-0.001712,0.001233,40.178419,-2.521920,24.483693,24.986071,-1.072598,-0.476383,0.568965,0.431034,0.000000,6.250000,21742.250000
20250608 214500,-0.000230,-0.001000,0.001297,38.769341,-1.409078,23.609858,24.106094,-1.169829,-0.398568,0.387755,0.469388,1.750000,5.750000,21737.250000
20250608 220000,0.000253,-0.000299,0.000937,41.211705,2.442364,22.655582,23.940356,-0.851073,-0.527809,0.512195,0.560976,4.500000,0.500000,21742.750000
20250608 221500,-0.000138,-0.000425,0.000940,40.268195,-0.943511,22.519469,23.005689,-0.888367,-0.167387,0.120482,0.216867,13.750000,4.500000,21739.750000
20250608 223000,-0.000656,-0.001173,0.001404,36.046666,-4.221529,22.232364,21.249265,-1.435344,-0.133581,0.716216,0.189189,1.750000,3.500000,21725.500000
20250608 224500,0.000380,-0.000391,0.000848,39.970376,3.923711,22.072910,17.734165,-1.038955,-0.396679,0.412500,0.887500,2.250000,9.500000,21733.750000
20250608 230000,0.000345,0.000184,0.000346,43.371784,3.401407,21.585559,12.021459,-0.624924,-1.510254,0.426229,0.819672,2.750000,6.000000,21741.250000
20250608 231500,-0.000506,-0.000575,0.000779,39.808993,-3.562791,21.097305,12.262519,-1.380222,-1.096225,0.728814,0.220339,0.750000,3.250000,21730.250000
20250608 233000,-0.000127,-0.000564,0.000831,38.947625,-0.861368,20.251069,12.603968,-1.432089,-1.830847,0.351351,0.162162,4.500000,1.500000,21727.500000
20250608 234500,0.000368,0.000460,0.000449,42.823478,3.875853,19.518850,12.767145,-0.763679,-1.554760,0.769231,0.794872,2.000000,0.250000,21735.500000
20250609 000000,0.000368,0.000449,0.000085,46.482343,3.658866,18.963932,12.745195,-0.145153,-1.090630,0.702128,0.702128,3.500000,0.000000,21743.500000
20250609 001500,0.000345,0.000448,-0.000247,49.730165,3.247821,18.716508,12.804662,0.419769,-0.860182,0.451613,0.983871,0.250000,8.250000,21751.000000
20250609 003000,-0.000563,0.000391,0.000282,44.933645,-4.796519,18.629615,12.754527,-0.481202,-0.265024,0.714286,0.214286,1.250000,3.750000,21738.750000
20250609 004500,-0.000161,0.000357,0.000389,43.638574,-1.295071,18.281071,12.488144,-0.676642,-0.870828,0.200000,0.290909,7.000000,4.000000,21735.250000
20250609 010000,0.000540,0.000529,-0.000186,48.957327,5.318752,18.189566,11.797934,0.343280,-0.995626,0.705882,0.779412,3.750000,1.250000,21747.000000
20250609 011500,-0.000299,-0.000138,0.000023,46.351465,-2.605862,18.247454,8.300226,-0.060239,-0.329715,0.302632,0.605263,1.750000,11.500000,21740.500000
20250609 013000,0.000149,-0.000333,-0.000162,47.846234,1.494769,17.854779,7.245031,0.484815,-0.469156,0.235294,0.627451,4.750000,5.000000,21743.750000
20250609 014500,-0.000207,0.000023,0.000022,45.937702,-1.908532,17.508009,6.944636,-0.070198,-0.450587,0.307692,0.403846,3.750000,5.250000,21739.250000
20250609 020000,0.000322,0.000506,-0.000306,49.323992,3.386290,17.364579,6.785278,0.980063,-0.320240,0.435484,0.838710,2.500000,6.250000,21746.250000
20250609 021500,-0.000333,-0.000368,0.000000,46.103043,-3.220950,17.409967,6.260990,0.000000,0.776910,0.430556,0.388889,3.250000,7.000000,21739.000000
20250609 023000,0.000126,0.000057,-0.000128,47.503392,1.400349,16.898540,6.248950,0.444075,-1.065979,0.268293,0.780488,2.250000,5.250000,21741.750000
20250609 024500,0.000241,0.000149,-0.000347,50.165429,2.662037,16.673645,6.471705,1.164685,-0.221285,0.327273,1.000000,0.000000,9.250000,21747.000000
20250609 030000,0.000885,0.001241,-0.001177,58.479305,8.313876,17.179099,8.708643,2.941043,2.818982,0.810526,0.926316,1.750000,2.750000,21766.250000
20250609 031500,-0.000138,0.000781,-0.000985,56.886519,-1.592786,17.344877,9.999336,2.143892,2.821299,0.166667,0.410256,8.250000,8.000000,21763.250000
20250609 033000,-0.000161,0.000954,-0.000746,55.004245,-1.882274,17.320243,9.991840,1.623825,1.394719,0.176471,0.573529,4.250000,9.750000,21759.750000
20250609 034500,0.001033,0.001861,-0.001666,63.390475,8.386230,17.690226,12.812494,2.833172,1.645717,0.987952,1.000000,0.000000,0.250000,21782.250000
20250609 040000,0.000562,0.002182,-0.002105,66.996985,3.606510,17.980210,16.547559,2.773067,1.572206,0.597701,0.862069,3.000000,5.750000,21794.500000
20250609 041500,-0.000470,0.000827,-0.001512,61.534571,-5.462414,17.892338,17.696729,1.861220,2.577831,0.582090,0.059701,6.000000,1.000000,21784.250000
20250609 043000,-0.000562,0.000402,-0.000848,55.690598,-5.843973,18.614313,17.357145,1.063683,1.071613,0.446429,0.205357,9.750000,5.750000,21772.000000
20250609 044500,-0.000540,0.000023,-0.000252,50.715348,-4.975250,18.356148,16.903384,0.323900,0.475162,0.816667,0.183333,0.000000,2.750000,21760.250000
20250609 050000,0.001469,0.000459,-0.001608,60.947718,10.232369,19.884281,18.537677,1.890070,1.742294,0.791139,0.803797,7.750000,0.500000,21792.250000
20250609 051500,-0.000252,-0.000356,-0.001274,58.692220,-2.255498,19.874689,19.548497,1.419546,-0.128225,0.278481,0.632911,1.750000,12.500000,21786.750000
20250609 053000,0.000115,0.000229,-0.001272,59.427210,0.734991,19.722926,20.025437,1.384489,-0.412203,0.070423,0.901408,1.750000,14.750000,21789.250000
20250609 054500,-0.000092,0.000700,-0.001061,58.529982,-0.897229,18.903431,19.819892,1.166757,-1.069741,0.181818,0.333333,4.000000,2.750000,21787.250000
20250609 060000,-0.000344,0.000896,-0.000642,55.166354,-3.363628,18.553186,19.689857,0.710391,-1.099413,0.535714,0.107143,5.000000,1.500000,21779.750000
20250609 061500,0.000321,-0.000252,-0.000857,57.614665,2.448311,18.549387,19.299142,0.967660,-0.724543,0.391892,0.770270,4.250000,7.000000,21786.750000
20250609 063000,-0.000390,-0.000390,-0.000388,53.774544,-3.840121,18.278002,18.576127,0.454885,-0.642440,0.677966,0.152542,2.500000,2.250000,21778.250000
20250609 064500,-0.000092,-0.000597,-0.000211,52.881422,-0.893122,17.829573,17.235574,0.266890,-0.889584,0.062500,0.125000,9.750000,1.500000,21776.250000
20250609 070000,-0.000046,-0.000551,-0.000099,52.412690,-0.468733,17.788175,16.228139,0.132486,0.067158,0.072464,0.695652,4.000000,12.000000,21775.250000
20250609 071500,0.000402,0.000195,-0.000397,56.081009,3.668319,17.999734,14.355835,0.602542,0.667360,0.457831,0.481928,10.750000,0.500000,21784.000000
20250609 073000,0.000356,0.000229,-0.000638,59.089115,3.008106,18.303325,12.523578,1.109906,2.500289,0.314607,0.348315,14.500000,0.750000,21791.750000
20250609 074500,0.000837,0.001457,-0.001330,65.143505,6.054390,19.460230,12.288714,2.359889,2.123685,0.514493,0.586957,14.250000,2.500000,21810.000000
20250609 080000,0.000034,0.001583,-0.001262,65.370315,0.226810,19.302356,13.395405,2.054809,0.212332,0.014493,0.449275,9.500000,7.500000,21810.750000
20250609 081500,-0.000608,0.001021,-0.000576,58.169023,-7.201292,19.530759,12.912899,0.972864,0.698283,0.644444,0.088889,6.000000,2.000000,21797.500000
20250609 083000,0.000390,0.001009,-0.000860,61.127448,2.958426,19.903562,12.322997,1.521545,0.791208,0.373737,0.606061,9.750000,5.750000,21806.000000
20250609 084500,0.000252,0.000906,-0.001045,62.953200,1.825752,19.535451,13.336809,1.708617,0.671339,0.406780,0.796610,3.000000,5.750000,21811.500000
20250609 090000,-0.000665,-0.000596,-0.000374,55.546189,-7.407011,19.675776,13.402023,0.609050,0.568562,0.744186,0.127907,2.750000,2.750000,21797.000000
20250609 091500,0.000459,-0.000172,-0.000781,59.118647,3.572458,19.573935,13.919837,1.223075,0.667901,0.520548,0.602740,7.250000,1.500000,21807.000000
20250609 093000,-0.000424,0.000011,-0.000298,54.736737,-4.381910,19.515082,13.378031,0.484937,3.116547,0.453333,0.133333,7.750000,2.500000,21797.750000
20250609 094500,-0.000115,-0.000493,-0.000103,53.580808,-1.155929,22.710433,11.340876,0.197295,4.305505,0.035019,0.692607,17.500000,44.500000,21795.250000
20250609 100000,-0.000402,-0.001147,0.000286,49.630309,-3.950499,24.177545,11.429102,-0.544662,1.995458,0.208092,0.231214,24.250000,10.000000,21786.500000
20250609 101500,0.002888,0.002406,-0.002455,67.951873,18.321564,27.039864,16.738144,3.204507,1.526157,0.972763,0.980545,1.250000,0.500000,21849.500000
20250609 103000,0.000160,0.002107,-0.002469,68.634460,0.682587,27.019159,20.761834,2.598518,1.161464,0.140187,0.504673,13.250000,9.750000,21853.000000
20250609 104500,0.000240,0.002772,-0.002546,69.677722,1.043262,28.142790,24.222330,2.297467,1.502822,0.134503,0.239766,32.500000,4.500000,21858.250000
20250609 110000,-0.000721,0.002166,-0.001683,62.916699,-6.761023,28.400448,25.107205,1.464221,0.674016,0.472441,0.385827,4.500000,12.250000,21842.500000
20250609 111500,0.000423,0.002990,-0.001957,65.060949,2.144250,28.496845,26.601513,1.607521,0.330011,0.310924,0.403361,17.750000,2.750000,21851.750000
20250609 113000,-0.001248,-0.001145,-0.000605,54.975884,-10.085066,29.282784,25.827989,0.511073,0.512812,0.696203,0.291139,0.500000,11.500000,21824.500000
20250609 114500,0.000286,-0.001019,-0.000766,56.636174,1.660291,28.816157,24.842491,0.673242,0.002234,0.252747,0.450549,12.500000,4.500000,21830.750000
20250609 120000,0.000343,-0.000915,-0.000965,58.608662,1.972488,28.740003,23.693762,0.889475,-0.103451,0.225225,0.684685,8.750000,12.750000,21838.250000
20250609 121500,-0.000263,-0.000458,-0.000591,56.487234,-2.121428,29.115717,22.632444,0.569978,0.154695,0.198529,0.500000,10.250000,17.000000,21832.500000
20250609 123000,-0.000115,-0.000996,-0.000389,55.545833,-0.941401,28.643166,21.799007,0.389353,-0.513174,0.100000,0.511111,8.750000,11.500000,21830.000000
20250609 124500,0.001225,0.001477,-0.001505,62.707504,7.161672,28.668654,22.917024,1.435614,-0.469943,0.870690,0.931034,2.000000,1.750000,21856.750000
20250609 130000,0.000617,0.001808,-0.001986,65.709884,3.002379,29.013750,24.807396,1.750486,0.119211,0.388060,0.559701,14.750000,5.750000,21870.250000
20250609 131500,-0.000389,0.001076,-0.001451,62.308458,-3.401425,28.994911,24.961505,1.270456,-0.230289,0.295652,0.304348,11.500000,8.750000,21861.750000
20250609 133000,-0.000149,0.001190,-0.001182,61.008089,-1.300370,29.959560,25.055972,1.031191,0.231607,0.064706,0.570588,15.500000,24.250000,21858.500000
20250609 134500,0.000686,0.001991,-0.001725,64.672661,3.664572,29.944591,26.061163,1.448036,-0.614436,0.521008,0.974790,0.750000,13.500000,21873.500000
20250609 140000,-0.000286,0.000480,-0.001279,62.055662,-2.616999,29.037835,25.323766,1.104693,-0.789707,0.333333,0.347826,5.500000,6.000000,21867.250000
20250609 141500,-0.000034,-0.000171,-0.001109,61.732838,-0.322823,28.142275,24.847912,0.975937,-1.008801,0.060606,0.590909,5.750000,9.750000,21866.500000
20250609 143000,-0.000057,0.000160,-0.000898,61.161758,-0.571080,27.292827,23.096875,0.849682,-1.025248,0.030769,0.430769,8.750000,7.000000,21865.250000
20250609 144500,-0.000595,-0.000286,-0.000173,55.419755,-5.742003,27.343339,20.016384,0.188595,-0.415508,0.473214,0.383929,4.000000,10.750000,21852.250000
20250609 150000,0.000778,-0.000194,-0.000761,60.625562,5.205807,27.425958,14.596976,1.139791,-0.494508,0.587719,0.649123,10.000000,1.750000,21869.250000
20250609 151500,-0.000423,-0.000332,-0.000314,56.742858,-3.882704,26.752675,14.664258,0.467975,-0.583250,0.541667,0.152778,5.500000,2.750000,21860.000000
20250609 153000,-0.000160,-0.000457,-0.000146,55.299705,-1.443153,25.948913,14.682446,0.217096,-0.046787,0.193548,0.693548,1.750000,10.750000,21856.500000
20250609 154500,-0.000904,-0.001304,0.000709,47.896959,-7.402746,26.131133,15.063714,-1.028133,1.151856,0.701754,0.052632,7.000000,1.500000,21836.750000
20250609 160000,-0.000836,-0.001546,0.001491,42.266466,-5.630493,27.478910,16.662697,-1.952715,3.901455,0.416667,0.100000,21.750000,4.500000,21818.500000
20250609 161500,-0.000665,-0.002988,0.002048,38.403676,-3.862790,27.533987,19.558790,-2.282861,0.300609,0.504425,0.256637,6.750000,7.250000,21804.000000
20250609 163000,0.000126,-0.002439,0.001881,39.532373,1.128697,26.370845,20.985185,-1.954355,-1.371206,0.200000,0.844444,1.750000,7.250000,21806.750000
20250609 164500,0.000401,-0.001878,0.001444,43.104761,3.572388,25.272928,21.848770,-1.441729,-1.339626,0.795454,0.886364,1.250000,1.000000,21815.500000
20250609 170000,0.000309,-0.000664,0.001098,45.766607,2.661846,24.235576,22.439446,-1.067317,-1.238449,0.627907,0.906977,1.000000,3.000000,21822.250000
20250609 181500,0.000641,0.000813,0.000464,50.897784,5.131177,24.325892,22.339633,-0.453790,-1.125252,0.510417,0.520833,11.500000,0.250000,21836.250000
20250609 183000,-0.000126,0.001352,0.000598,49.899091,-0.998693,23.374042,22.223984,-0.587766,-1.174723,0.295455,0.068182,7.000000,0.750000,21833.500000
20250609 184500,-0.000240,0.000985,0.000774,47.964177,-1.934914,22.418754,22.437758,-0.752638,-1.070935,0.550000,0.300000,1.500000,3.000000,21828.250000
20250609 190000,-0.000137,0.000447,0.000808,46.846308,-1.117869,21.228128,22.059787,-0.799532,-1.003575,0.565217,0.347826,0.500000,2.000000,21825.250000
20250609 191500,0.000172,0.000309,0.000561,48.463218,1.616910,20.229691,21.812984,-0.561592,-0.906845,0.344828,0.517241,3.500000,1.250000,21829.000000
20250609 193000,0.000275,-0.000057,0.000232,51.029991,2.566773,19.409713,21.482566,-0.236238,-0.838285,0.771428,0.800000,1.750000,0.250000,21835.000000
20250609 194500,-0.000069,0.000000,0.000210,50.354786,-0.675205,18.416162,20.094791,-0.227671,-0.776799,0.227273,0.227273,3.000000,1.250000,21833.500000
20250609 200000,-0.000046,0.000195,0.000176,49.880939,-0.473847,17.582865,18.967781,-0.202317,-0.718788,0.259259,0.148148,4.000000,1.000000,21832.500000
20250609 201500,-0.000710,-0.000378,0.000773,43.109423,-6.771516,17.684089,18.079248,-0.932699,-0.552629,0.842105,0.092105,1.250000,1.750000,21817.000000
20250609 203000,0.001122,0.000572,-0.000404,53.788235,10.678812,18.492368,16.706492,0.528238,-0.538086,0.810345,0.879310,3.500000,2.000000,21841.500000
20250609 204500,0.000778,0.001076,-0.001167,59.472794,5.684559,18.742913,17.122988,1.489956,-0.492447,0.772727,0.954545,1.000000,4.000000,21858.500000
20250609 210000,0.000252,0.001396,-0.001430,61.138367,1.665573,18.457705,16.597232,1.884350,-0.381449,0.355932,0.389830,9.000000,0.500000,21864.000000
20250609 211500,0.000686,0.002128,-0.002072,65.323984,4.185617,18.300012,18.559044,2.442205,-0.408672,0.938461,1.000000,0.000000,1.000000,21879.000000
20250609 213000,0.002864,0.005702,-0.004731,76.652728,11.328744,21.867868,29.736013,3.491137,0.182254,0.930403,0.930403,4.750000,0.000000,21941.750000
20250609 214500,0.000718,0.005297,-0.005170,78.547199,1.894471,22.252306,39.528068,2.872010,0.144244,0.587156,0.587156,11.250000,0.000000,21957.500000
20250609 220000,0.000398,0.004917,-0.005230,79.540453,0.993254,21.930713,47.148732,2.436704,-0.075741,0.464789,0.605634,7.000000,2.500000,21966.250000
20250609 221500,-0.000285,0.004381,-0.004592,76.805042,-2.735410,21.524948,51.381981,1.962507,0.150219,0.369231,0.507692,2.000000,8.250000,21960.000000
20250609 223000,-0.000581,0.003115,-0.003694,71.409844,-5.395198,21.380308,53.304542,1.520743,-0.075520,0.653846,0.038462,6.000000,0.750000,21947.250000
20250609 224500,0.000228,0.000478,-0.003609,72.233569,0.823725,20.656715,55.104441,1.437724,-0.375688,0.466667,0.711111,3.250000,2.750000,21952.250000
20250609 230000,-0.000171,-0.000410,-0.003151,70.590862,-1.642707,20.288378,56.147756,1.231795,-0.223740,0.306452,0.145161,8.500000,2.250000,21948.500000
20250609 231500,-0.000456,-0.001264,-0.002464,66.263261,-4.327602,20.249923,56.644649,0.954194,-0.074213,0.468354,0.291139,4.750000,5.750000,21938.500000
20250609 233000,-0.000160,-0.001139,-0.002073,64.766670,-1.496591,19.267785,56.398853,0.806311,-0.692729,0.653846,0.230769,0.750000,1.500000,21935.000000
20250609 234500,0.000387,-0.000171,-0.002197,66.731816,1.965146,18.677229,55.727533,0.865147,-0.585797,0.704545,0.818182,2.000000,1.250000,21943.500000
20250610 000000,-0.000194,-0.000592,-0.001744,64.786108,-1.945709,18.003856,54.078096,0.707542,-0.793954,0.486486,0.351351,1.500000,3.250000,21939.250000
20250610 001500,-0.000456,-0.000877,-0.001060,60.328870,-4.457238,17.753580,51.770105,0.449101,-0.402462,0.672414,0.137931,2.750000,2.000000,21929.250000
20250610 003000,-0.000730,-0.001152,-0.000152,53.935060,-6.393810,17.949753,49.146864,0.067909,-0.396983,0.780488,0.048780,3.500000,1.000000,21913.250000
20250610 004500,0.000308,-0.000684,-0.000263,56.051226,2.116166,17.399771,45.933136,0.125454,-0.609990,0.634146,0.804878,2.000000,1.750000,21920.000000
20250610 010000,-0.000125,-0.001197,0.000056,54.943808,-1.107418,16.710501,41.932080,-0.029214,-0.758569,0.290323,0.129032,4.500000,1.000000,21917.250000
20250610 011500,0.000137,-0.000866,0.000155,55.965897,1.022089,16.552608,34.884763,-0.097105,-0.430573,0.172414,0.258621,10.750000,1.250000,21920.250000
20250610 013000,-0.006189,-0.006600,0.006234,26.632992,-29.332906,26.334565,42.809525,-3.172483,3.583552,0.880328,0.119672,0.000000,18.250000,21785.000000
20250610 014500,0.002453,-0.003417,0.003723,40.023925,13.390933,30.614239,44.455376,-1.829081,1.954053,0.608696,0.950725,4.250000,29.500000,21838.500000
20250610 020000,-0.000435,-0.004160,0.004080,38.674078,-1.349847,31.070365,47.220882,-1.886083,0.156451,0.250000,0.648649,3.750000,24.000000,21829.000000
20250610 021500,-0.000412,-0.004447,0.004359,37.387618,-1.286460,30.547482,51.240882,-1.856184,0.066849,0.378947,0.368421,6.000000,8.750000,21820.000000
20250610 023000,0.000630,-0.003954,0.003479,40.636548,3.248929,29.972661,53.777160,-1.412542,-0.078353,0.533333,0.722222,6.250000,4.250000,21833.750000
20250610 024500,-0.000263,0.001972,0.003447,39.708619,-0.927929,28.831757,55.405069,-1.357953,-0.433419,0.392857,0.375000,3.250000,5.250000,21828.000000
20250610 030000,-0.000917,-0.001398,0.004004,36.579763,-3.128856,28.843774,57.114747,-1.528940,0.007076,0.672414,0.241379,2.500000,7.000000,21808.000000
20250610 031500,-0.000413,-0.001375,0.004049,35.234324,-1.345439,28.747791,58.754356,-1.502442,0.530880,0.354545,0.345455,8.250000,9.500000,21799.000000
20250610 033000,-0.000011,-0.000974,0.003720,35.195599,-0.038725,28.944377,60.074350,-1.349994,0.244138,0.071429,0.126984,25.250000,4.000000,21798.750000
20250610 034500,-0.002319,-0.003924,0.005582,28.404364,-6.791235,31.609064,64.099356,-1.893935,0.503821,0.762264,0.003774,15.500000,0.250000,21748.250000
20250610 040000,0.002101,-0.001559,0.003117,39.747208,11.342845,33.994131,63.437622,-1.070737,0.804386,0.700000,0.953846,3.000000,16.500000,21794.000000
20250610 041500,-0.001366,-0.002008,0.004088,35.777768,-3.969440,35.405265,64.282641,-1.383927,0.403219,0.567442,0.065116,19.750000,3.500000,21764.250000
20250610 043000,0.001389,-0.000206,0.002372,42.108587,6.330818,35.519174,62.616335,-0.825463,-0.116532,0.844595,0.912162,3.250000,2.500000,21794.500000
20250610 044500,0.000791,0.000596,0.001277,45.413127,3.304540,34.839233,58.849140,-0.473244,-0.508534,0.644231,0.798077,5.250000,4.000000,21811.750000
20250610 050000,0.000023,0.002938,0.000963,45.510218,0.097091,33.904288,54.440736,-0.385741,-0.398727,0.091954,0.551724,9.750000,10.000000,21812.250000
20250610 051500,0.000951,0.001788,-0.000209,49.522744,4.012526,33.625410,49.797959,0.091620,-0.608630,0.691667,0.908333,2.750000,6.500000,21833.000000
20250610 053000,0.000183,0.003337,-0.000567,50.282784,0.760040,32.134310,45.927218,0.269448,-0.719102,0.333333,0.764706,3.000000,5.500000,21837.000000
20250610 054500,-0.000137,0.001811,-0.000626,49.678618,-0.604165,30.856859,40.501782,0.337639,-0.697051,0.228070,0.456140,4.500000,6.500000,21834.000000
20250610 060000,-0.000229,0.000791,-0.000600,48.629865,-1.048753,29.509940,33.984765,0.385099,-0.833180,0.458333,0.458333,1.000000,5.500000,21829.000000
20250610 061500,0.000927,0.001695,-0.001688,52.960997,4.331132,29.152088,25.565904,1.442840,-0.406352,0.836735,0.846939,3.750000,0.250000,21849.250000
20250610 063000,-0.000378,0.000366,-0.001183,51.071766,-1.889232,28.712653,25.482258,1.013941,-0.680419,0.326087,0.282609,9.000000,6.500000,21841.000000
20250610 064500,-0.000195,-0.000011,-0.000993,50.080663,-0.991103,27.572463,25.404859,0.853183,-0.977079,0.411765,0.117647,6.000000,1.500000,21836.750000
20250610 070000,0.000183,0.000309,-0.001149,51.043611,0.962948,26.478002,25.852016,0.970427,-0.904850,0.265306,0.918367,1.000000,8.000000,21840.750000
20250610 071500,-0.001489,-0.000951,0.000313,43.672248,-7.371363,27.604573,25.880265,-0.263714,0.907318,0.792899,0.124260,3.500000,5.250000,21808.250000
20250610 073000,0.000756,-0.001122,-0.000464,47.794266,4.122018,26.936389,25.628658,0.395066,-0.600046,0.901408,0.901408,1.750000,0.000000,21824.750000
20250610 074500,0.000492,-0.000252,-0.000939,50.343852,2.549586,27.030218,25.875302,0.792261,0.771559,0.371681,0.469027,15.000000,2.750000,21835.500000
20250610 080000,0.001018,0.000961,-0.001842,55.218633,4.874780,26.903060,27.427572,1.467957,-0.310506,0.900990,0.970297,0.750000,1.750000,21857.750000
20250610 081500,0.000137,0.000915,-0.001838,55.848006,0.629373,25.981413,28.622227,1.403629,0.258003,0.178571,0.803571,2.750000,8.750000,21860.750000
20250610 083000,0.000011,0.002416,-0.001707,55.903624,0.055618,24.857740,29.452279,1.266880,0.314597,0.048780,0.585366,4.250000,5.500000,21861.000000
20250610 084500,-0.000046,0.001614,-0.001406,55.601906,-0.301718,24.332188,24.851672,1.236335,0.069834,0.028571,0.628571,6.000000,11.000000,21860.000000
20250610 090000,-0.000275,0.000847,-0.000994,53.728208,-1.873698,24.094174,24.019901,0.904458,0.969828,0.309524,0.333333,7.500000,7.000000,21854.000000
20250610 091500,-0.000069,-0.000240,-0.000724,53.245133,-0.483075,23.641019,18.616336,0.849388,0.783332,0.126761,0.366197,9.000000,6.500000,21852.500000
20250610 093000,-0.000755,-0.001133,0.000127,48.119893,-5.125240,24.130946,15.915298,-0.173575,3.834517,0.557377,0.221311,6.750000,6.750000,21836.000000
20250610 094500,0.000721,-0.000423,-0.000503,52.791201,4.671308,27.300164,14.874364,0.738687,4.301602,0.226277,0.492701,34.750000,18.250000,21851.750000
20250610 100000,0.000240,-0.000137,-0.000641,54.269318,1.478117,29.171581,13.739541,1.018957,2.124688,0.088785,0.322430,36.250000,12.500000,21857.000000
20250610 101500,0.000640,0.000778,-0.001193,58.042031,3.772713,29.498611,14.810976,1.762207,1.177310,0.407407,0.696296,10.250000,9.750000,21871.000000
20250610 103000,0.000103,0.000949,-0.001213,58.632698,0.590667,28.962996,15.910546,1.667919,0.649443,0.125000,0.602273,8.750000,10.500000,21873.250000
20250610 104500,0.000366,0.002070,-0.001470,60.748506,2.115808,28.733496,17.295249,1.860337,0.662506,0.310680,0.815534,4.750000,13.000000,21881.250000
20250610 110000,-0.001280,0.000069,-0.000136,50.929998,-9.818508,29.573961,16.684625,0.177559,0.699701,0.703704,0.074074,9.000000,3.000000,21853.250000
20250610 111500,0.000778,0.000606,-0.000865,55.619997,4.689999,29.765106,17.237908,1.097146,0.432520,0.519380,0.782946,7.000000,8.500000,21870.250000
20250610 113000,-0.000595,-0.000629,-0.000233,51.561534,-4.058464,29.371170,17.114029,0.298001,0.207598,0.556701,0.123711,7.750000,3.000000,21857.250000
20250610 114500,-0.000664,-0.001395,0.000444,47.406471,-4.155063,35.487515,16.892602,-0.574216,2.693517,0.130435,0.869565,0.000000,100.000000,21842.750000
20250610 120000,0.001453,-0.000309,-0.000931,55.804709,8.398239,35.720550,17.319872,1.175673,0.507492,0.819355,0.935484,2.500000,4.500000,21874.500000
20250610 121500,0.000937,0.001909,-0.001668,60.221430,4.416720,35.615511,16.104910,2.267942,0.786286,0.605839,0.678832,11.000000,2.500000,21895.000000
20250610 123000,0.000594,0.001725,-0.002071,62.762839,2.541409,35.214403,17.544493,2.585569,-0.206032,0.450000,0.666667,10.000000,6.500000,21908.000000
20250610 124500,-0.000582,0.001737,-0.001353,58.795314,-3.967525,33.913374,17.755017,1.668542,-0.487344,0.764706,0.147059,1.500000,2.500000,21895.250000
20250610 130000,0.000651,0.003051,-0.001884,61.708753,2.913439,33.026704,20.042342,2.060014,-0.467241,0.651163,0.709302,6.250000,1.250000,21909.500000
20250610 131500,0.000673,0.002272,-0.002411,64.506271,2.797518,33.364083,23.363229,2.262637,-0.152420,0.377483,0.821192,6.750000,16.750000,21924.250000
20250610 133000,-0.001552,-0.000217,-0.000795,54.603333,-9.902938,33.623791,23.581693,0.737860,-0.325595,0.918919,0.027027,2.000000,1.000000,21890.250000
20250610 134500,-0.000400,-0.001210,-0.000346,52.374902,-2.228431,33.132806,23.461151,0.322874,-0.269630,0.345794,0.542056,3.000000,14.500000,21881.500000
20250610 140000,-0.000389,-0.001017,0.000086,50.230325,-2.144577,32.301891,23.015552,-0.081467,-0.660318,0.395349,0.162791,9.500000,3.500000,21873.000000
20250610 141500,-0.000892,-0.002559,0.000980,45.615733,-4.614593,33.780328,22.967926,-0.932823,0.987321,0.377358,0.617925,0.250000,32.750000,21853.500000
20250610 143000,0.000938,-0.002295,0.000129,50.739294,5.123561,33.278161,21.170749,-0.133439,-0.704400,0.766355,0.831776,4.500000,1.750000,21874.000000
20250610 144500,0.000811,0.000069,-0.000590,54.717256,3.977962,32.490436,20.588847,0.627767,-0.777391,0.831461,0.898876,2.250000,1.500000,21891.750000
20250610 150000,0.002589,0.003057,-0.002966,64.568688,9.851432,35.830404,24.937597,2.610516,1.285348,0.722397,0.763407,18.750000,3.250000,21948.500000
20250610 151500,0.001400,0.004846,-0.004115,68.559979,3.991291,36.485376,32.315039,2.798620,0.841885,0.672222,0.711111,13.000000,1.750000,21979.250000
20250610 153000,-0.000523,0.005214,-0.003378,65.584448,-2.975531,36.772134,36.350832,2.041563,0.126830,0.290123,0.697531,0.500000,28.250000,21967.750000
20250610 154500,-0.001389,0.002887,-0.001865,58.351246,-7.233202,37.716982,37.437053,1.092834,-0.077483,0.600000,0.375000,1.250000,18.750000,21937.250000
20250610 160000,0.001264,0.003340,-0.002872,62.413014,4.061767,39.344340,38.900040,1.621464,1.995808,0.462810,0.896694,6.250000,26.250000,21965.000000
20250610 161500,-0.001219,-0.000467,-0.001501,56.675138,-5.737875,38.659030,38.954629,0.845214,-0.514876,0.890756,0.075630,1.000000,2.250000,21938.250000
20250610 163000,0.000467,-0.001400,-0.001759,58.258671,1.583533,38.147671,38.396490,1.005626,-1.220201,0.325397,0.341270,20.750000,0.500000,21948.500000
20250610 164500,0.000262,-0.000615,-0.001767,59.160449,0.901778,36.262123,36.280011,1.069115,-1.579578,0.553191,0.808511,2.250000,3.000000,21954.250000
20250610 170000,-0.000148,0.000627,-0.001445,58.392573,-0.767876,34.350543,35.789076,0.886094,-1.434228,0.342105,0.421053,2.250000,4.000000,21951.000000
20250610 181500,0.000102,-0.000535,-0.001414,58.791351,0.398778,33.361218,36.063191,0.860989,-1.384455,0.365854,0.792683,4.250000,8.750000,21953.250000
20250610 183000,-0.000034,0.000649,-0.001279,58.589772,-0.201579,32.031846,36.488705,0.769416,-1.268470,0.016949,0.288136,10.250000,4.250000,21952.500000
20250610 184500,-0.000023,0.000159,-0.001127,58.445899,-0.143873,30.601000,36.315757,0.681178,-1.208584,0.208333,0.750000,3.000000,6.500000,21952.000000
20250610 190000,0.000945,0.000842,-0.001926,62.555325,4.109426,30.933071,37.369949,1.132594,-0.990978,0.581560,0.687943,11.000000,3.750000,21972.750000
20250610 191500,-0.000592,0.000399,-0.001255,58.642506,-3.912819,32.848566,37.874183,0.727408,-0.810065,0.251082,0.748918,0.000000,43.250000,21959.750000
20250610 193000,0.000501,0.000797,-0.001571,60.872684,2.230178,33.662954,37.477568,0.921218,-0.779304,0.259887,0.276836,32.000000,0.750000,21970.750000
20250610 194500,-0.000763,0.000068,-0.000645,55.927133,-4.945551,32.990600,35.461017,0.399030,-0.912899,0.804124,0.144330,1.250000,3.500000,21954.000000
20250610 200000,-0.000011,0.000080,-0.000449,55.854194,-0.072939,31.901986,32.053030,0.307693,-0.838457,0.000000,0.859155,2.500000,15.250000,21953.750000
20250610 201500,-0.000273,-0.001138,0.000039,54.032862,-1.821332,32.855415,24.442586,-0.034775,-0.665399,0.138122,0.602210,11.750000,27.250000,21947.750000
20250610 203000,-0.000763,-0.001310,0.000932,49.208683,-4.824179,32.651457,18.070625,-1.131671,-0.681959,0.558333,0.083333,10.750000,2.500000,21931.000000
20250610 204500,-0.000182,-0.001993,0.001195,48.104152,-1.104531,31.765639,13.233545,-1.980762,-0.614349,0.197531,0.592593,4.250000,12.000000,21927.000000
20250610 210000,-0.000604,-0.001835,0.001722,44.537942,-3.566210,30.764522,15.775357,-2.391388,-0.555540,0.746479,0.154930,1.750000,2.750000,21913.750000
20250610 211500,-0.000080,-0.001904,0.001648,44.073207,-0.464735,29.977770,16.640214,-2.170194,-0.468621,0.101266,0.405063,9.750000,8.000000,21912.000000
20250610 213000,-0.000399,-0.002030,0.001901,41.728630,-2.344577,29.711501,18.650649,-2.232496,-0.308597,0.352381,0.571429,2.000000,15.000000,21903.250000
20250610 214500,-0.000080,-0.001346,0.001899,41.255924,-0.472706,29.196394,20.877230,-1.992601,-0.262156,0.055556,0.900000,1.000000,20.250000,21901.500000
20250610 220000,0.000297,-0.000867,0.001472,43.802372,2.546447,27.771651,21.572117,-1.494985,-0.359183,0.675676,0.837838,1.500000,1.500000,21908.000000
20250610 221500,-0.000205,-0.000468,0.001598,42.431053,-1.371318,26.752248,23.014462,-1.521326,-0.907123,0.388889,0.407407,2.750000,5.500000,21903.500000
20250610 223000,-0.000240,-0.000628,0.001724,40.825219,-1.605834,25.734230,24.483030,-1.541884,-1.403756,0.420000,0.520000,0.750000,6.500000,21898.250000
20250610 224500,0.000046,-0.000183,0.001553,41.281068,0.455848,25.003214,25.352145,-1.341109,-1.173501,0.032258,0.387097,9.500000,5.500000,21899.250000
20250610 230000,-0.000183,-0.000285,0.001608,39.955196,-1.325872,23.895841,26.294638,-1.339151,-1.230747,0.394737,0.236842,3.500000,2.250000,21895.250000
20250610 231500,0.000046,-0.000536,0.001432,40.469964,0.514768,23.421138,26.755312,-1.172197,-0.646537,0.101449,0.579710,7.250000,8.250000,21896.250000
20250610 233000,0.000183,-0.000148,0.001130,42.590118,2.120154,23.212485,26.748598,-0.925282,-0.703508,0.170732,0.634146,7.500000,9.500000,21900.250000
20250610 234500,0.000217,0.000308,0.000806,45.090999,2.500882,22.590165,26.334673,-0.670219,-1.121274,0.293103,0.844828,2.250000,8.000000,21905.000000
20250611 000000,0.000126,0.000388,0.000532,46.542896,1.451897,21.690868,23.844339,-0.488586,-1.178581,0.250000,0.775000,2.250000,5.250000,21907.750000
20250611 001500,-0.000285,0.000285,0.000684,43.713830,-2.829065,20.748663,22.241498,-0.673853,-0.931887,0.558823,0.088235,3.000000,0.750000,21901.500000
20250611 003000,-0.000331,-0.000091,0.000841,40.628755,-3.085075,20.820187,18.909203,-0.973732,0.118687,0.356322,0.022989,13.500000,0.500000,21894.250000
20250611 004500,-0.000286,-0.000560,0.000976,38.130450,-2.498305,20.172316,17.077484,-1.250916,-1.026294,0.595745,0.127660,3.250000,1.500000,21888.000000
20250611 010000,-0.000526,-0.001302,0.001326,33.988995,-4.141454,20.213579,15.238315,-1.903097,0.204794,0.566265,0.180723,5.250000,3.750000,21876.500000
20250611 011500,0.000788,-0.000639,0.000413,43.841997,9.853001,20.859038,11.940111,-0.757949,1.058442,0.547009,0.957265,1.250000,12.000000,21893.750000
20250611 013000,-0.000228,-0.000582,0.000545,41.890219,-1.951778,20.958393,10.402486,-1.147562,-0.009767,0.191011,0.483146,7.250000,10.750000,21888.750000
20250611 014500,-0.000069,-0.000320,0.000523,41.296259,-0.593959,20.461364,8.869752,-1.290904,-0.857003,0.142857,0.517857,4.750000,7.250000,21887.250000
20250611 020000,-0.000274,-0.000308,0.000723,38.919135,-2.377125,20.178410,8.940463,-1.770042,0.004766,0.348485,0.166667,8.000000,2.750000,21881.250000
20250611 021500,0.000149,0.000366,0.000512,40.903492,1.984357,19.737095,8.649277,-1.294906,0.231980,0.196429,0.696429,4.250000,7.000000,21884.500000
20250611 023000,0.000765,0.000343,-0.000258,49.931561,9.028069,20.095160,8.572631,0.659074,1.132345,0.696970,0.808081,4.750000,2.750000,21901.250000
20250611 024500,-0.000240,0.000331,-0.000031,47.483056,-2.448504,20.070505,8.466515,0.079726,0.633692,0.291139,0.607595,2.000000,12.000000,21896.000000
20250611 030000,0.000000,0.000400,-0.000058,47.483056,0.000000,19.601183,7.956876,0.160239,-0.122208,0.018519,0.555556,5.750000,7.500000,21896.000000
20250611 031500,0.000468,0.001142,-0.000520,52.731510,5.248454,19.772528,8.129220,1.400811,3.367535,0.431818,0.613636,8.500000,4.000000,21906.250000
20250611 033000,-0.000263,0.000731,-0.000252,49.729092,-3.002418,19.592347,8.190658,0.674549,1.249700,0.362319,0.144928,8.500000,2.500000,21900.500000
20250611 034500,0.000548,0.000514,-0.000770,55.432301,5.703208,19.835751,9.005025,1.872565,0.395515,0.445652,0.913043,2.000000,10.750000,21912.500000
20250611 040000,0.000741,0.001495,-0.001434,61.759142,6.326841,20.026054,11.536863,2.724961,1.369903,0.733333,0.733333,6.000000,0.000000,21928.750000
20250611 041500,0.000137,0.001631,-0.001489,62.808828,1.049685,20.131336,13.754607,2.374659,1.754272,0.116279,0.581395,9.000000,10.000000,21931.750000
20250611 043000,-0.000068,0.001095,-0.001353,61.894009,-0.914818,19.532669,15.343621,1.933214,-0.261726,0.106383,0.340426,6.500000,4.000000,21930.250000
20250611 044500,0.000433,0.001791,-0.001706,65.337443,3.443434,20.441050,17.553329,2.132074,1.996899,0.325581,0.387597,19.750000,2.000000,21939.750000
20250611 050000,0.000137,0.001380,-0.001763,66.370909,1.033466,20.016689,19.628917,1.970307,-0.688818,0.224138,0.396552,8.750000,2.500000,21942.750000
20250611 051500,-0.000399,0.000239,-0.001290,60.687533,-5.683376,19.890497,20.666337,1.369377,0.238273,0.493151,0.178082,6.000000,3.250000,21934.000000
20250611 053000,0.000296,0.000399,-0.001481,63.207951,2.520418,19.219747,21.811619,1.489458,-1.133900,0.666667,0.785714,2.250000,1.250000,21940.500000
20250611 054500,-0.000604,-0.000137,-0.000788,55.409416,-7.798535,19.400480,21.688116,0.796519,-0.397534,0.597701,0.206897,4.250000,4.500000,21927.250000
20250611 060000,-0.000479,-0.001049,-0.000217,50.130976,-5.278440,19.157588,20.312323,0.234464,-0.704673,0.734375,0.140625,2.000000,2.250000,21916.750000
20250611 061500,0.000764,-0.000422,-0.000890,57.144535,7.013559,19.610618,20.375215,0.958272,-0.083500,0.617647,0.970588,0.750000,9.000000,21933.500000
20250611 063000,-0.000057,-0.000080,-0.000734,56.505858,-0.638676,19.174145,19.882216,0.809769,-0.970645,0.111111,0.759259,1.750000,10.250000,21932.250000
20250611 064500,0.000091,-0.000285,-0.000718,57.327642,0.821784,19.322420,19.089264,0.825071,0.255581,0.141176,0.964706,0.750000,17.500000,21934.250000
20250611 070000,-0.000228,0.000091,-0.000381,54.552616,-2.775026,18.870819,17.176728,0.486123,-0.216956,0.403846,0.250000,4.500000,3.250000,21929.250000
20250611 071500,-0.001061,-0.000491,0.000729,43.908902,-10.643713,19.308618,15.451112,-1.033906,0.444255,0.920000,0.000000,2.000000,0.000000,21906.000000
20250611 073000,0.000217,-0.001038,0.000534,46.217631,2.308728,20.072288,14.944397,-0.782902,2.341704,0.166667,0.958333,1.250000,23.750000,21910.750000
20250611 074500,0.000456,-0.000524,0.000134,50.808163,4.590532,19.888553,13.673623,-0.214830,0.637889,0.528571,0.642857,6.250000,2.000000,21920.750000
20250611 080000,0.000422,-0.000194,-0.000210,54.662970,3.854807,20.003656,12.154854,0.379478,-0.134922,0.430233,0.523256,10.250000,2.000000,21930.000000
20250611 081500,0.000843,0.000877,-0.000957,61.209996,6.547026,26.021252,12.315640,1.705149,4.200090,0.167866,0.575540,44.250000,42.500000,21948.500000
20250611 083000,0.000364,0.002303,-0.001193,63.654256,2.444261,26.412591,12.224361,2.143261,1.068330,0.246032,0.920635,2.500000,21.250000,21956.500000
20250611 084500,0.004170,0.006256,-0.005042,79.561140,15.906884,36.008121,27.984513,3.972286,3.890971,0.570762,0.640746,57.750000,11.250000,22048.250000
20250611 090000,-0.000885,0.004915,-0.003934,72.317025,-7.244115,36.811112,34.274742,2.528465,1.556301,0.423280,0.343915,11.000000,16.250000,22028.750000
20250611 091500,-0.000250,0.004243,-0.003478,70.370815,-1.946210,36.699604,38.442837,1.992244,0.800274,0.184397,0.496454,11.250000,17.500000,22023.250000
20250611 093000,-0.000284,0.003116,-0.002998,68.127084,-2.243732,35.435347,41.145322,1.604071,0.351922,0.328947,0.171053,9.500000,3.250000,22017.000000
20250611 094500,-0.002023,0.000728,-0.000904,54.743422,-13.383662,37.618536,41.316346,0.480742,3.670335,0.678030,0.204545,7.750000,13.500000,21972.500000
20250611 100000,0.000364,-0.003078,-0.001182,56.401634,1.658212,40.806498,41.682198,0.623168,2.280172,0.100304,0.787234,17.500000,56.500000,21980.500000
20250611 101500,0.001546,-0.000647,-0.002542,62.663028,6.261394,40.927462,43.358866,1.290394,1.092372,0.788235,0.958824,1.750000,7.250000,22014.500000
20250611 103000,0.001090,0.000692,-0.003405,66.338028,3.675000,40.950501,46.468175,1.615084,0.890356,0.606061,0.884848,4.750000,11.500000,22038.500000
20250611 104500,0.000340,0.001316,-0.003475,67.417322,1.079294,39.846893,48.982042,1.564094,0.608431,0.284314,0.813725,4.750000,13.500000,22046.000000
20250611 110000,0.000487,0.003827,-0.003643,68.953848,1.536526,38.857830,50.924606,1.578068,0.367241,0.384615,0.798077,5.250000,10.750000,22056.750000
20250611 111500,-0.001531,0.001932,-0.001913,59.471573,-9.482274,41.796556,50.891642,0.827985,1.189060,0.418750,0.459375,9.750000,36.750000,22023.000000
20250611 113000,-0.000193,0.000193,-0.001524,58.382797,-1.088777,41.221802,50.248064,0.667936,0.079043,0.148148,0.155556,23.500000,5.250000,22018.750000
20250611 114500,-0.000920,-0.001817,-0.000459,53.369291,-5.013506,40.759531,48.925224,0.206437,-0.043026,0.597122,0.158273,8.500000,5.500000,21998.500000
20250611 120000,-0.000227,-0.002384,-0.000086,52.177850,-1.191441,41.080278,47.007677,0.040153,0.480456,0.093923,0.364641,24.500000,16.500000,21993.500000
20250611 121500,-0.001775,-0.004647,0.001801,43.938299,-8.239551,43.431687,43.660428,-0.905568,0.792795,0.537162,0.293919,12.500000,21.750000,21954.500000
20250611 123000,0.001036,-0.002080,0.000915,48.997801,5.059502,45.454424,39.527560,-0.508822,0.256470,0.317073,0.965157,2.500000,46.500000,21977.250000
20250611 124500,-0.000558,-0.002444,0.001574,46.561090,-2.436711,44.511251,36.282580,-0.952937,-0.279231,0.387597,0.248062,11.750000,8.000000,21965.000000
20250611 130000,0.000569,-0.000955,0.001113,49.330170,2.769080,43.546161,33.062309,-0.739513,-0.916494,0.411290,0.637097,11.250000,7.000000,21977.500000
20250611 131500,0.001080,0.000352,0.000152,54.187525,4.857356,44.007150,30.713828,-0.108664,-0.331811,0.460000,0.655000,17.250000,9.750000,22001.250000
20250611 133000,0.000307,0.002434,-0.000038,55.493395,1.305869,42.399496,28.664795,0.029217,-1.297606,0.325581,0.767442,5.000000,9.500000,22008.000000
20250611 134500,-0.001262,0.000136,0.001070,49.274895,-6.218500,43.299532,27.602816,-0.851815,-0.685369,0.504545,0.431818,3.500000,23.750000,21980.250000
20250611 140000,-0.002905,-0.002210,0.003726,38.579385,-10.695510,45.367423,32.862345,-2.484607,0.157027,0.889273,0.079585,2.250000,5.750000,21916.500000
20250611 141500,-0.003737,-0.006516,0.007052,29.682018,-8.897367,49.251893,47.901781,-3.214390,2.135549,0.827068,0.035088,13.750000,3.500000,21834.750000
20250611 143000,0.000744,-0.006853,0.005923,32.990239,3.308221,52.037472,55.983262,-2.311852,1.469901,0.175637,0.682720,28.000000,44.750000,21851.000000
20250611 144500,0.002548,-0.004611,0.003213,42.913176,9.922937,55.249081,58.237256,-1.208634,0.664645,0.572165,0.966495,3.250000,38.250000,21906.750000
20250611 150000,-0.002091,-0.005440,0.005039,37.947117,-4.966059,55.927718,63.479981,-1.735390,-0.267861,0.702703,0.177606,7.750000,11.500000,21861.000000
20250611 151500,0.000114,-0.002421,0.004579,38.366846,0.419729,54.986452,66.770946,-1.499342,-0.333173,0.035088,0.853801,6.250000,35.000000,21863.500000
20250611 153000,-0.000629,0.000687,0.004779,36.888927,-1.477919,54.112420,68.826734,-1.517216,-0.019501,0.309942,0.403509,12.250000,17.250000,21849.750000
20250611 154500,0.000641,0.000583,0.003719,39.446589,2.557662,53.693676,68.127265,-1.193538,-0.460155,0.274611,0.818653,8.750000,26.250000,21863.750000
20250611 160000,0.001074,-0.000891,0.002254,43.579881,4.133292,53.501270,64.131957,-0.769312,1.184051,0.450980,0.892157,5.500000,22.500000,21887.250000
20250611 161500,0.000240,0.001440,0.001716,44.491458,0.911577,51.447608,61.596767,-0.609813,-1.185927,0.202020,0.898990,2.500000,17.250000,21892.500000
20250611 163000,0.000457,0.001782,0.000993,46.272132,1.780674,49.165636,58.353128,-0.372731,-1.667516,0.512820,0.576923,8.250000,1.250000,21902.500000
20250611 164500,-0.000708,0.001703,0.001447,43.920301,-2.351832,47.385948,56.282607,-0.562785,-1.609800,0.659794,0.278351,1.500000,6.750000,21887.000000
20250611 170000,-0.000171,0.000891,0.001367,43.346286,-0.574015,44.804809,54.038428,-0.553541,-1.491895,0.266667,0.511111,2.500000,5.750000,21883.250000
20250611 181500,-0.000469,-0.000651,0.001650,41.740483,-1.605803,44.515180,53.840115,-0.670272,-1.321717,0.062016,0.945736,1.750000,28.500000,21873.000000
20250611 183000,0.000686,-0.000206,0.000760,44.954263,3.213781,43.121238,51.660158,-0.321815,-1.283631,0.650000,0.960000,1.000000,7.750000,21888.000000
20250611 184500,-0.000514,-0.001176,0.001072,43.036765,-1.917498,41.630435,50.058920,-0.468698,-1.159479,0.471910,0.213483,7.000000,4.750000,21876.750000
20250611 190000,-0.001853,-0.002321,0.002606,36.929767,-6.106998,42.388976,48.599473,-1.170795,-1.030186,0.803828,0.172249,1.250000,9.000000,21836.250000
20250611 191500,-0.000126,-0.002276,0.002348,36.550501,-0.379266,41.182620,43.418708,-1.180655,-0.977812,0.049020,0.607843,8.750000,15.500000,21833.500000
20250611 193000,-0.000080,-0.001888,0.002025,36.295052,-0.255449,39.580290,34.477039,-1.282013,-0.977862,0.066667,0.520000,7.750000,9.750000,21831.750000
20250611 194500,0.001167,-0.001406,0.000574,42.591223,6.296171,39.199555,24.988072,-0.502240,-0.896172,0.732824,0.732824,8.750000,0.000000,21857.250000
20250611 200000,-0.000893,-0.001784,0.001287,39.385549,-3.205674,38.042444,23.477978,-1.197399,-0.823059,0.880435,0.108696,0.250000,2.500000,21837.750000
20250611 201500,-0.000206,-0.000137,0.001490,38.662363,-0.723186,37.467984,23.579424,-1.379911,-0.726936,0.183333,0.475000,10.250000,14.250000,21833.250000
20250611 203000,-0.000894,-0.000905,0.002300,35.610932,-3.051430,37.309556,26.018875,-1.928408,-0.649241,0.546099,0.198582,9.000000,7.000000,21813.750000
20250611 204500,0.000218,-0.000607,0.001880,36.917016,1.306084,37.501731,25.864729,-1.585653,-0.498561,0.125000,0.687500,12.500000,22.500000,21818.500000
20250611 210000,-0.000768,-0.002542,0.002514,34.276656,-2.640360,37.448036,28.756260,-1.905672,-0.441238,0.442177,0.530612,1.000000,19.500000,21801.750000
20250611 211500,-0.000023,-0.001673,0.002394,34.198028,-0.078628,35.933891,31.108266,-1.677609,-0.481158,0.030769,0.461538,8.750000,7.000000,21801.250000
20250611 213000,-0.001251,-0.002717,0.003474,30.140095,-4.057933,36.599327,35.612006,-2.124284,-0.297282,0.602210,0.121547,12.500000,5.500000,21774.000000
20250611 214500,-0.000103,-0.001927,0.003367,29.825399,-0.314696,36.056518,39.249650,-1.867533,-0.200374,0.068966,0.612069,9.250000,17.750000,21771.750000
20250611 220000,0.000677,-0.001468,0.002456,34.643017,4.817618,35.659624,39.969009,-1.338850,-0.391506,0.549180,0.991803,0.250000,13.500000,21786.500000
20250611 221500,0.000011,-0.000688,0.002202,34.724813,0.081796,34.523222,39.669407,-1.209370,-1.066598,0.012658,0.746835,4.750000,14.750000,21786.750000
20250611 223000,0.000149,-0.000516,0.001794,35.848832,1.124019,33.075135,37.581445,-1.040407,-0.403276,0.263158,0.666667,4.750000,5.750000,21790.000000
20250611 224500,-0.000356,0.000379,0.001910,34.330694,-1.518138,31.498339,36.428824,-1.142296,-1.435774,0.545454,0.068182,4.250000,0.750000,21782.250000
20250611 230000,0.000161,0.000643,0.001526,35.655938,1.325244,30.248458,34.634924,-0.959653,-1.197697,0.160714,0.839286,2.250000,9.500000,21785.750000
20250611 231500,0.000619,0.000585,0.000736,40.632533,4.976595,29.373568,32.551363,-0.493067,-1.068167,0.680556,0.833333,3.000000,2.750000,21799.250000
20250611 233000,0.000860,0.001433,-0.000284,46.788311,6.155779,28.793313,27.990021,0.221508,-0.899690,0.823529,0.905882,2.000000,1.750000,21818.000000
20250611 234500,0.000034,0.001319,-0.000451,47.024931,0.236620,27.379505,23.801707,0.413836,-1.334718,0.111111,0.305556,6.250000,1.750000,21818.750000
20250612 000000,-0.000447,0.001227,-0.000067,44.268982,-2.755949,26.691683,22.962235,0.063692,-1.001017,0.549296,0.140845,5.500000,2.500000,21809.000000
20250612 001500,0.000183,0.001250,-0.000297,45.675606,1.406624,26.052992,22.226178,0.291886,-0.860844,0.211268,0.436620,10.000000,4.000000,21813.000000
20250612 003000,0.000241,0.000871,-0.000569,47.546875,1.871270,24.852778,21.646922,0.573407,-1.255805,0.648649,0.648649,3.250000,0.000000,21818.250000
20250612 004500,-0.000057,-0.000046,-0.000604,47.130601,-0.416275,24.363294,18.401274,0.715983,-1.070225,0.069444,0.819444,2.000000,14.750000,21817.000000
20250612 010000,0.000596,0.000515,-0.001217,51.851836,4.721235,23.676630,17.752971,1.496228,-1.053239,0.864407,0.915254,1.250000,0.750000,21830.000000
20250612 011500,-0.000263,0.000699,-0.000974,49.736237,-2.115599,22.789014,17.093397,1.243901,-1.072933,0.488889,0.422222,1.000000,4.750000,21824.250000
20250612 013000,0.000447,0.000962,-0.001374,53.221511,3.485274,22.536227,18.260784,1.642865,-0.421473,0.454545,0.688312,6.000000,4.500000,21834.000000
20250612 014500,-0.001214,-0.000493,-0.000186,44.242174,-8.979337,23.176496,17.979259,0.225260,-0.282130,0.888889,0.055556,1.750000,1.750000,21807.500000
20250612 020000,0.000963,0.000527,-0.001086,51.259973,7.017799,23.771032,18.780188,1.262634,-0.049065,0.539683,0.666667,10.500000,4.000000,21828.500000
20250612 021500,0.000034,-0.000034,-0.001056,51.494779,0.234807,23.483816,19.494370,1.183034,-0.460707,0.215190,1.000000,0.000000,15.500000,21829.250000
20250612 023000,-0.000332,-0.000103,-0.000615,49.035561,-2.459218,23.163543,18.302198,0.732835,-0.438262,0.394737,0.197368,7.750000,3.750000,21822.000000
20250612 024500,0.000664,0.000114,-0.001130,53.788861,4.753300,23.401862,17.192858,1.435189,0.706269,0.509434,0.726415,7.250000,5.750000,21836.500000
20250612 030000,0.000092,0.001421,-0.001102,54.420321,0.631460,23.123157,17.098081,1.408053,0.683287,0.089744,0.525641,9.250000,8.500000,21838.500000
20250612 031500,0.000366,0.000824,-0.001331,56.954139,2.533817,23.489360,17.221040,1.689067,3.579524,0.238938,0.407080,16.750000,4.750000,21846.500000
20250612 033000,-0.000458,0.000332,-0.000768,52.988778,-3.965360,23.400835,16.486448,1.016744,1.434534,0.494382,0.235955,6.000000,5.250000,21836.500000
20250612 034500,-0.001237,-0.000573,0.000532,44.067549,-8.921229,23.765061,14.315071,-0.810335,2.394059,0.947368,0.052632,0.000000,1.500000,21809.500000
20250612 040000,-0.001583,-0.002820,0.002092,35.778527,-8.289022,26.246128,15.761082,-2.890823,3.836225,0.586207,0.413793,0.000000,24.000000,21775.000000
20250612 041500,-0.000724,-0.003636,0.002726,32.749934,-3.028593,29.674976,20.240102,-2.930445,3.154808,0.215488,0.619529,12.250000,46.000000,21759.250000
20250612 043000,-0.000379,-0.004381,0.002952,31.257383,-1.492551,29.555335,25.033137,-2.565100,1.075676,0.250000,0.562500,5.250000,15.750000,21751.000000
20250612 044500,0.000701,-0.003222,0.002129,36.975207,5.717824,29.944239,27.184701,-1.704543,0.188072,0.407143,0.771429,8.000000,12.750000,21766.250000
20250612 050000,0.001515,-0.000470,0.000589,47.208146,10.232939,30.894651,27.331689,-0.470150,0.673928,0.757225,0.861272,6.000000,4.500000,21799.250000
20250612 051500,0.000436,0.001549,0.000144,49.738153,2.530007,30.330747,27.340386,-0.114757,-0.049440,0.402174,0.565217,10.000000,3.750000,21808.750000
20250612 053000,-0.000011,0.002261,0.000133,49.670692,-0.067462,29.789265,27.309499,-0.106190,0.175691,0.010989,0.769231,5.000000,17.500000,21808.500000
20250612 054500,0.000539,0.003179,-0.000398,52.903902,3.233210,30.232889,27.351974,0.317619,0.999388,0.319444,0.361111,23.000000,1.500000,21820.250000
20250612 060000,-0.000413,0.002065,-0.000029,50.241551,-2.662351,30.162683,27.023312,0.023128,-0.243565,0.316239,0.247863,12.750000,7.250000,21811.250000
20250612 061500,-0.000585,-0.000034,0.000497,46.659206,-3.582344,30.883205,26.956826,-0.402032,0.502553,0.285714,0.453416,10.500000,18.250000,21798.500000
20250612 063000,-0.000826,-0.001296,0.001201,42.095791,-4.563415,32.587976,27.031148,-0.967865,0.484139,0.310502,0.388128,16.500000,21.250000,21780.500000
20250612 064500,0.000998,-0.000287,0.000190,48.633212,6.537422,32.420978,27.047227,-0.153435,-0.124608,0.702479,0.950413,1.500000,7.500000,21802.250000
20250612 070000,0.000149,-0.000676,-0.000011,49.549788,0.916575,32.105194,26.567838,0.009410,-0.075317,0.116071,0.267857,20.500000,4.250000,21805.500000
20250612 071500,-0.000849,-0.001112,0.000741,44.664185,-4.885603,31.686966,26.253390,-0.614683,0.040607,0.647619,0.276190,2.000000,7.250000,21787.000000
20250612 073000,-0.000769,-0.001297,0.001392,40.746788,-3.917397,31.102183,26.811098,-1.130129,-0.498711,0.659574,0.223404,2.750000,5.250000,21770.250000
20250612 074500,0.000046,-0.000425,0.001196,41.079048,0.332260,30.773455,26.201059,-0.993758,0.161479,0.075472,0.764151,6.250000,18.250000,21771.250000
20250612 080000,-0.001482,-0.002905,0.002452,34.382929,-6.696119,31.753923,27.325683,-1.951003,0.170533,0.707865,0.157303,6.000000,7.000000,21739.000000
20250612 081500,0.001414,-0.001641,0.000860,43.791151,9.408222,32.092928,24.710436,-0.757777,-0.156352,0.842466,0.849315,5.500000,0.250000,21769.750000
20250612 083000,-0.000379,-0.001171,0.001067,42.049177,-1.741974,31.497005,22.750948,-1.020837,0.216926,0.315789,0.473684,5.000000,11.250000,21761.500000
20250612 084500,0.003566,0.003164,-0.002429,58.716422,16.667245,38.818647,25.166480,2.107466,3.874415,0.541045,0.934701,8.750000,52.750000,21839.250000
20250612 090000,-0.000172,0.002947,-0.002119,57.852172,-0.864250,37.956601,27.191505,1.701358,1.302225,0.149533,0.542056,8.250000,14.500000,21835.500000
20250612 091500,0.000080,0.004509,-0.002020,58.161661,0.309489,38.281130,28.186264,1.565035,1.472638,0.023529,0.264706,31.250000,10.250000,21837.250000
20250612 093000,-0.000389,0.002707,-0.001453,56.010344,-2.151317,36.903906,27.458821,1.155366,0.540072,0.513158,0.328947,3.000000,6.250000,21828.750000
20250612 094500,0.002345,0.005431,-0.003532,64.529467,8.519123,38.982198,31.914365,2.421715,4.140040,0.784091,0.931818,4.500000,9.750000,21880.000000
20250612 100000,-0.001040,0.000824,-0.002362,59.061556,-5.467911,39.715613,34.032840,1.517284,2.154074,0.461929,0.284264,12.500000,14.000000,21857.250000
20250612 101500,0.002593,0.003589,-0.004706,66.652500,7.590944,42.289498,41.442015,2.488417,2.187027,0.759076,0.970297,2.250000,16.000000,21914.000000
20250612 103000,0.000297,0.003805,-0.004746,67.398157,0.745656,41.286676,47.819250,2.175379,1.301256,0.194690,0.646018,10.000000,12.750000,21920.500000
20250612 104500,0.000992,0.005186,-0.005454,69.829201,2.431044,40.980485,55.133707,2.170632,0.902857,0.574324,0.871622,4.750000,11.000000,21942.250000
20250612 110000,-0.000342,0.002499,-0.004833,67.947667,-1.881534,39.553308,60.202523,1.760724,0.437497,0.357143,0.321429,6.750000,6.750000,21934.750000
20250612 111500,0.000592,0.004132,-0.005082,69.482600,1.534932,39.781643,65.045766,1.714754,1.025829,0.304094,0.309942,29.500000,0.250000,21947.750000
20250612 113000,-0.001391,0.000148,-0.003385,61.982919,-7.499681,42.207954,66.010302,1.124067,1.777872,0.416949,0.491525,6.750000,36.250000,21917.250000
20250612 114500,0.000217,0.000068,-0.003328,62.658897,0.675978,41.835957,67.453191,1.081676,0.297546,0.101351,0.770270,8.500000,24.750000,21922.000000
20250612 120000,0.000023,-0.000900,-0.003084,62.734012,0.075115,41.276246,68.489209,0.987199,0.039482,0.029412,0.860294,4.750000,28.250000,21922.500000
20250612 121500,0.000764,0.000205,-0.003498,65.255493,2.521481,41.899371,68.979979,1.112642,0.827513,0.340000,0.755000,12.250000,20.750000,21939.250000
20250612 123000,0.000752,0.000364,-0.003825,67.582394,2.326901,42.067273,68.421392,1.227321,0.095630,0.367232,0.796610,9.000000,19.000000,21955.750000
20250612 124500,0.000114,0.001869,-0.003512,67.932817,0.350424,43.116040,66.803420,1.154507,0.260435,0.057269,0.797357,11.500000,42.000000,21958.250000
20250612 130000,-0.001584,0.000068,-0.001512,58.471417,-9.461401,43.036323,58.799681,0.563779,-0.468134,0.833333,0.083333,3.500000,3.500000,21923.500000
20250612 131500,0.001265,0.001311,-0.002361,62.913480,4.442063,43.158728,53.228464,0.973633,-0.033862,0.603352,0.765363,10.500000,7.250000,21951.250000
20250612 133000,-0.000490,0.000057,-0.001464,60.225961,-2.687519,41.736676,43.432239,0.739658,-1.060633,0.451613,0.268817,6.500000,6.250000,21940.500000
20250612 134500,0.000615,-0.000080,-0.001817,62.398289,2.172328,40.773342,41.456112,0.962162,-0.731814,0.477876,0.522124,13.500000,1.250000,21954.000000
20250612 140000,-0.000775,-0.000968,-0.000812,58.095334,-4.302955,39.718103,37.550622,0.474360,-0.954788,0.644231,0.269231,2.250000,7.000000,21937.000000
20250612 141500,-0.000046,0.000570,-0.000541,57.842650,-0.252684,38.506096,32.620785,0.364032,-1.080096,0.076923,0.384615,12.250000,8.750000,21936.000000
20250612 143000,-0.000707,-0.001402,0.000375,53.927373,-3.915277,38.934232,24.267426,-0.338417,-0.470140,0.353933,0.415730,10.250000,18.500000,21920.500000
20250612 144500,-0.000456,-0.001368,0.000901,51.505130,-2.422243,38.313930,22.011854,-0.896676,-0.738798,0.338843,0.190083,14.250000,5.750000,21910.500000
20250612 150000,0.001220,-0.000763,-0.000137,57.061190,5.556060,38.112935,14.304605,0.210597,-0.952100,0.746479,0.943662,2.000000,7.000000,21937.250000
20250612 151500,-0.000011,0.000000,-0.000074,56.995468,-0.065722,36.604868,13.535249,0.119133,-1.241512,0.000000,0.441176,9.500000,7.500000,21937.000000
20250612 153000,-0.000068,-0.000023,0.000029,56.574424,-0.421044,35.740235,13.098062,-0.048671,-0.863001,0.071429,0.285714,15.750000,7.000000,21935.500000
20250612 154500,-0.001083,-0.000399,0.001043,50.245349,-6.329075,34.990932,14.039336,-1.628460,-0.553133,0.940000,0.060000,0.000000,1.500000,21911.750000
20250612 160000,0.001152,0.001209,-0.000104,55.894640,5.649290,35.670151,14.048999,0.161933,2.160320,0.567416,0.977528,1.000000,18.250000,21937.000000
20250612 161500,-0.000342,-0.000353,0.000197,53.935700,-1.958940,34.640140,13.763147,-0.313337,-0.345679,0.329412,0.129412,11.500000,2.750000,21929.500000
20250612 163000,-0.000707,-0.001049,0.000897,50.033021,-3.902679,33.683702,13.975291,-1.406053,-1.933969,0.694118,0.176471,2.750000,3.750000,21914.000000
20250612 164500,0.000011,-0.000969,0.000868,50.095743,0.062722,32.134866,14.394112,-1.320852,-1.802700,0.000000,0.312500,8.250000,3.750000,21914.250000
20250612 170000,-0.000240,-0.000126,0.001077,48.712872,-1.382871,30.660947,15.178166,-1.554041,-1.546712,0.478261,0.239130,3.250000,2.750000,21909.000000
20250612 181500,-0.000548,-0.001825,0.001529,45.613452,-3.099420,30.453022,16.941609,-1.975904,-1.517253,0.432432,0.324324,6.750000,9.000000,21897.000000
20250612 183000,-0.000891,-0.002374,0.002243,41.043429,-4.570023,29.956378,19.495813,-2.516566,-1.445422,0.824176,0.175824,0.000000,4.000000,21877.500000
20250612 184500,-0.000331,-0.001998,0.002374,39.460449,-1.582980,28.977351,21.658179,-2.396900,-1.242965,0.415385,0.523077,1.000000,8.500000,21870.250000
20250612 190000,0.000491,-0.001518,0.001784,42.972580,3.512131,27.943254,23.434787,-1.665793,-1.206267,0.724138,0.741379,3.750000,0.250000,21881.000000
20250612 191500,0.000091,-0.001187,0.001537,43.627823,0.655243,26.929450,23.609783,-1.424198,-1.076955,0.181818,0.854545,2.000000,9.250000,21883.000000
20250612 193000,-0.000171,-0.000811,0.001568,42.638570,-0.989253,25.720204,24.277288,-1.413358,-1.051433,0.375000,0.025000,6.000000,0.250000,21879.250000
20250612 194500,-0.000480,-0.000400,0.001854,39.909805,-2.728766,25.954475,24.287162,-1.669606,-0.771620,0.405172,0.439655,4.500000,12.750000,21868.750000
20250612 200000,-0.003757,-0.003825,0.005280,25.945175,-13.964630,30.832727,35.298572,-3.258984,-0.467998,0.877984,0.042440,7.500000,4.000000,21786.750000
20250612 201500,-0.003771,-0.008088,0.008545,18.844268,-7.100906,43.451818,54.726245,-3.389142,0.905250,0.391566,0.572289,7.500000,118.750000,21704.750000
20250612 203000,-0.004838,-0.013017,0.012694,13.689841,-5.154428,49.937402,83.089470,-3.300057,0.463125,0.795158,0.173184,4.250000,23.250000,21600.000000
20250612 204500,-0.000394,-0.013239,0.012354,13.370253,-0.319588,51.441874,102.856879,-2.593409,0.146937,0.091549,0.528169,27.000000,37.500000,21591.500000
20250612 210000,-0.001170,-0.013929,0.012680,12.441118,-0.929134,54.696025,119.107451,-2.295826,0.180194,0.304124,0.435567,25.250000,42.250000,21566.250000
20250612 211500,-0.002461,-0.012633,0.014190,10.752110,-1.689008,56.574881,136.355383,-2.238727,0.003726,0.651235,0.299383,4.000000,24.250000,21513.250000
20250612 213000,0.001185,-0.007677,0.012068,16.617492,5.865382,56.998104,146.384129,-1.775636,-0.217477,0.380000,0.540000,28.750000,10.000000,21538.750000
20250612 214500,0.001705,-0.001135,0.009565,24.335293,7.717801,58.408953,151.646659,-1.360811,-0.075693,0.521173,0.837134,12.500000,24.250000,21575.500000
20250612 220000,0.001713,0.000972,0.007086,31.236219,6.900927,57.826171,151.539629,-1.010544,-0.091450,0.766169,0.865672,6.750000,5.000000,21612.500000
20250612 221500,-0.001598,0.000545,0.007881,28.615517,-2.620702,57.195730,151.898730,-1.119578,-0.319532,0.714286,0.260204,1.250000,12.750000,21578.000000
20250612 223000,-0.001519,0.001486,0.008558,26.355041,-2.260476,56.771035,153.013613,-1.204958,-0.293573,0.639024,0.156098,10.500000,8.000000,21545.250000
20250612 224500,-0.002300,-0.001998,0.009907,23.352370,-3.002671,58.483818,154.938266,-1.374418,0.377560,0.613003,0.306502,6.500000,24.750000,21495.750000
20250612 230000,0.001604,-0.002099,0.007409,29.390543,6.038173,57.020688,152.425237,-1.046497,-0.101755,0.901316,0.907895,3.500000,0.250000,21530.250000
20250612 231500,0.001288,-0.002525,0.005326,33.901094,4.510552,55.608496,147.196635,-0.779994,-0.366248,0.684564,0.885906,4.250000,7.500000,21558.000000
20250612 233000,-0.000418,-0.001345,0.004983,33.161214,-0.739880,53.582890,141.664028,-0.758044,-0.559199,0.330275,0.247706,11.500000,6.750000,21549.000000
20250612 234500,-0.000441,-0.000267,0.004659,32.358426,-0.802788,51.916255,134.875809,-0.744018,-0.802499,0.297521,0.206612,15.000000,6.250000,21539.500000
20250613 000000,0.001554,0.003587,0.002385,38.053425,5.694999,51.332951,123.572261,-0.416356,-0.838401,0.765714,0.771429,10.000000,0.250000,21573.000000
20250613 001500,-0.001426,0.000557,0.003025,35.129682,-2.923743,50.523454,109.431550,-0.595464,-0.990424,0.793750,0.162500,1.750000,6.500000,21542.250000
20250613 003000,-0.000522,-0.001253,0.002740,34.097492,-1.032191,49.218207,90.935314,-0.648813,-1.129272,0.379845,0.542636,2.500000,17.500000,21531.000000
20250613 004500,0.000453,-0.000383,0.001525,35.856528,1.759037,48.702621,65.088181,-0.504700,-1.015669,0.244048,0.309524,29.000000,2.750000,21540.750000
20250613 010000,0.000128,0.000186,0.000833,36.372388,0.515859,46.438148,43.153206,-0.415670,-1.143937,0.117647,0.323529,11.500000,3.500000,21543.500000
20250613 011500,0.000441,-0.000928,0.000039,38.220792,1.848404,45.638995,27.951118,-0.030410,-1.004648,0.262411,0.964539,1.250000,24.750000,21553.000000
20250613 013000,0.000058,0.000557,-0.000125,38.474060,0.253268,44.039781,25.875649,0.103862,-1.180460,0.150538,0.752688,5.750000,14.000000,21554.250000
20250613 014500,-0.000545,0.000534,0.000307,36.940999,-1.533061,42.394082,24.246710,-0.272717,-1.074344,0.666667,0.285714,1.000000,6.000000,21542.500000
20250613 020000,0.001287,0.001369,-0.000971,42.743630,5.802631,41.615934,24.403237,0.857980,-0.992339,0.857143,1.000000,0.000000,4.500000,21570.250000
20250613 021500,0.000730,0.001971,-0.001531,45.792504,3.048874,41.857653,24.177676,1.366963,0.895901,0.344444,0.394444,27.250000,2.250000,21586.000000
20250613 023000,-0.000498,0.001032,-0.000949,44.067666,-1.724838,40.742820,24.413354,0.838680,-0.564941,0.419048,0.276190,8.000000,7.250000,21575.250000
20250613 024500,0.000255,0.001229,-0.001191,45.204861,1.137195,40.207619,24.661746,1.042607,-0.712584,0.120301,0.473684,17.500000,11.750000,21580.750000
20250613 030000,0.001158,0.002932,-0.002363,50.164736,4.959875,40.442789,23.907713,2.135294,0.425218,0.620690,0.867816,5.750000,10.750000,21605.750000
20250613 031500,0.001388,0.003032,-0.003613,55.383741,5.219005,41.214733,29.403260,2.658294,2.040993,0.560976,0.946341,2.750000,19.750000,21635.750000
20250613 033000,-0.001029,0.001273,-0.002429,51.108710,-4.275032,41.270823,31.648163,1.658864,0.299312,0.526946,0.473054,0.000000,19.750000,21613.500000
20250613 034500,0.001433,0.003205,-0.003514,56.183427,5.074717,41.144336,32.894137,2.312342,0.243024,0.784810,0.974684,1.000000,7.500000,21644.500000
20250613 040000,-0.000358,0.002592,-0.002911,54.656060,-1.527367,39.973312,34.843711,1.807715,0.932223,0.262626,0.383838,8.750000,9.500000,21636.750000
20250613 041500,0.000832,0.002265,-0.003517,57.543013,2.886953,39.653789,38.809905,1.962128,2.000785,0.485915,0.739437,9.250000,9.000000,21654.750000
20250613 043000,-0.001305,-0.000428,-0.002036,51.952431,-5.590582,40.767804,39.523482,1.113895,0.640228,0.488688,0.429864,4.500000,23.750000,21626.500000
20250613 044500,-0.001018,-0.000416,-0.000869,48.038253,-3.914178,39.962961,38.515654,0.487464,-0.266690,0.754237,0.161017,2.500000,4.750000,21604.500000
20250613 050000,-0.000197,-0.002046,-0.000609,47.296912,-0.741342,39.929893,38.523392,0.341676,0.103188,0.094937,0.443038,18.250000,17.500000,21600.250000
20250613 051500,0.000197,-0.001492,-0.000662,48.158488,0.861576,41.095615,37.269341,0.383693,0.525376,0.102222,0.488889,28.750000,21.750000,21604.500000
20250613 053000,0.000995,-0.001329,-0.001436,52.398009,4.239521,41.535214,35.430090,0.876374,0.608816,0.439153,0.619048,18.000000,8.500000,21626.000000
20250613 054500,-0.000671,-0.000694,-0.000602,49.460291,-2.937717,40.621984,33.310516,0.390642,-0.737720,0.513043,0.443478,1.250000,12.750000,21611.500000
20250613 060000,0.000486,0.000810,-0.000906,51.577429,2.117138,40.023985,31.155184,0.628708,-0.022473,0.333333,0.612403,12.500000,9.000000,21622.000000
20250613 061500,-0.000127,0.000879,-0.000626,50.975143,-0.602286,39.629415,29.185067,0.463422,0.137755,0.101449,0.673913,7.750000,23.250000,21619.250000
20250613 063000,0.000162,0.000844,-0.000629,51.747438,0.772296,39.566599,26.870918,0.506123,0.014368,0.122581,0.729032,10.500000,23.500000,21622.750000
20250613 064500,-0.000162,-0.000312,-0.000290,50.884192,-0.863246,37.740414,22.142927,0.282822,-1.221241,0.089286,0.589286,4.500000,8.250000,21619.250000
20250613 070000,0.001548,0.001907,-0.001646,58.090600,7.206408,37.794670,21.471416,1.659765,-0.105156,0.870130,0.870130,5.000000,0.000000,21652.750000
20250613 071500,0.000519,0.001941,-0.001984,60.202372,2.111773,38.952194,22.524081,1.908513,2.881524,0.212963,0.282407,38.750000,3.750000,21664.000000
20250613 073000,-0.000762,0.001306,-0.001057,55.764171,-4.438202,38.134180,20.607113,1.110054,-0.085317,0.572727,0.181818,6.750000,5.000000,21647.500000
20250613 074500,0.001777,0.002921,-0.002587,62.678015,6.913845,38.571024,22.114542,2.537357,-0.180262,0.898305,0.977401,1.000000,3.500000,21686.000000
20250613 080000,-0.000104,0.002979,-0.002304,62.067473,-0.610543,36.923094,24.285190,2.057324,-0.380265,0.096774,0.209677,10.750000,3.250000,21683.750000
20250613 081500,-0.000854,0.000577,-0.001384,57.139053,-4.928420,36.303587,25.236813,1.188244,-0.423310,0.672566,0.079646,7.000000,2.250000,21665.250000
20250613 083000,0.000911,0.000969,-0.002129,60.724516,3.585463,36.514045,26.909603,1.715466,0.569695,0.528662,0.630573,14.500000,4.000000,21685.000000
20250613 084500,-0.000957,0.000773,-0.001127,55.473927,-5.250589,36.602328,27.456113,0.889602,1.811622,0.582781,0.019868,15.000000,0.750000,21664.250000
20250613 090000,-0.000277,-0.001280,-0.000801,54.019433,-1.454494,36.041447,27.734162,0.625582,1.823610,0.243478,0.530435,6.500000,15.250000,21658.250000
20250613 091500,-0.000289,-0.001465,-0.000519,52.475968,-1.543465,35.288487,27.671903,0.406098,1.144695,0.274510,0.705882,0.500000,18.000000,21652.000000
20250613 093000,0.001327,0.000715,-0.001719,58.368612,5.892644,36.714309,28.777693,1.295274,2.914197,0.529412,0.990950,0.500000,25.500000,21680.750000
20250613 094500,0.004062,0.003866,-0.005388,70.471715,12.103103,43.091858,38.371588,3.056949,4.289980,0.708333,0.849206,19.000000,17.750000,21769.000000
20250613 100000,-0.001839,0.002984,-0.003261,61.714023,-8.757692,45.978154,39.966820,1.773033,1.946367,0.479042,0.212575,25.750000,17.750000,21729.000000
20250613 101500,-0.001451,0.001811,-0.001600,55.829959,-5.884064,49.336857,38.850296,0.893494,1.549114,0.403226,0.220430,35.000000,20.500000,21697.500000
20250613 103000,-0.003220,-0.001121,0.001624,45.487886,-10.342073,51.705653,38.769229,-0.906002,1.651985,0.839394,0.130303,2.500000,10.750000,21627.750000
20250613 104500,0.003704,0.001256,-0.001856,55.664007,10.176121,57.119535,38.073826,1.058470,1.375291,0.631373,0.676471,41.250000,5.750000,21708.000000
20250613 110000,0.001600,-0.001207,-0.003174,59.214506,3.550499,59.200283,39.879387,1.730531,1.033226,0.402899,0.684058,27.250000,24.250000,21742.750000
20250613 111500,0.000919,0.001552,-0.003760,61.143185,1.928679,57.275263,42.268212,1.936148,0.239804,0.596899,0.844961,5.000000,8.000000,21762.750000
20250613 113000,0.001618,0.004621,-0.004969,64.343596,3.200410,57.487744,47.182101,2.295892,0.525106,0.580913,0.846473,9.250000,16.000000,21798.000000
20250613 114500,0.000493,0.008334,-0.005026,65.282710,0.939114,55.667191,50.964044,2.150536,0.173007,0.351562,0.781250,7.000000,13.750000,21808.750000
20250613 120000,0.001134,0.005765,-0.005739,67.410873,2.128163,54.315963,57.536992,2.177947,0.532653,0.653061,0.741497,9.500000,3.250000,21833.500000
20250613 121500,0.000515,0.004680,-0.005838,68.360282,0.949410,53.096965,63.746907,2.000489,-0.259478,0.308725,0.758389,9.000000,16.750000,21844.750000
20250613 123000,-0.001111,0.002650,-0.004337,64.030073,-4.330209,52.161468,65.414472,1.446545,-0.212710,0.612500,0.143750,9.750000,5.750000,21820.500000
20250613 124500,-0.000413,0.000619,-0.003638,62.449022,-1.581052,50.685649,67.281192,1.179379,-0.432583,0.285714,0.269841,14.000000,8.500000,21811.500000
20250613 130000,0.000733,0.000859,-0.004039,64.144082,1.695060,50.261674,69.372557,1.270856,-0.492902,0.374302,0.642458,16.000000,12.000000,21827.500000
20250613 131500,-0.001719,-0.001994,-0.002039,57.583289,-6.560792,50.725126,68.025965,0.653059,-0.388980,0.656388,0.211454,7.500000,12.000000,21790.000000
20250613 133000,-0.000838,-0.003347,-0.001003,54.653516,-2.929774,51.726902,66.779548,0.327009,0.053717,0.274131,0.243243,31.250000,15.750000,21771.750000
20250613 134500,-0.000092,-0.002329,-0.000669,54.327298,-0.326218,51.228552,63.909745,0.227860,-0.610298,0.039106,0.446927,23.000000,20.000000,21769.750000
20250613 140000,0.000826,-0.001089,-0.001197,56.825045,2.497747,50.426513,60.213800,0.433248,-0.944082,0.431250,0.693750,12.250000,10.500000,21787.750000
20250613 141500,-0.002424,-0.004247,0.001418,48.460960,-8.364085,51.949619,55.160951,-0.558593,0.071932,0.742160,0.020906,17.000000,1.500000,21735.000000
20250613 143000,-0.002822,-0.005349,0.004232,40.927973,-7.532987,53.078218,55.718953,-1.645984,0.462910,0.881919,0.070111,3.250000,4.750000,21673.750000
20250613 144500,-0.002136,-0.006648,0.006052,36.335030,-4.592943,55.072631,63.289833,-2.068065,1.883992,0.577160,0.320988,8.250000,26.000000,21627.500000
20250613 150000,0.001882,-0.004673,0.004020,42.461750,6.126720,55.371014,66.026008,-1.319177,0.288672,0.683544,0.818565,10.750000,8.000000,21668.250000
20250613 151500,0.000646,-0.004854,0.003336,44.439972,1.978222,55.880227,66.773511,-1.083326,-0.224363,0.228000,0.828000,10.750000,37.500000,21682.250000
20250613 153000,-0.002251,-0.004681,0.005611,39.364728,-5.075244,56.870926,66.237003,-1.832435,-0.103236,0.706093,0.175627,8.250000,12.250000,21633.500000
20250613 154500,-0.000185,-0.002044,0.005615,38.971450,-0.393278,57.148002,71.049393,-1.709374,0.341848,0.061728,0.259259,41.250000,15.750000,21629.500000
20250613 160000,0.001051,0.001144,0.004349,42.490597,3.519147,57.369574,74.237882,-1.268557,3.112950,0.385892,0.863071,8.250000,28.750000,21652.250000
20250613 161500,0.001223,0.000484,0.002928,46.369971,3.879374,55.878890,75.559865,-0.840062,-0.338942,0.726027,0.972603,1.000000,9.000000,21678.750000
20250613 163000,-0.001212,-0.001373,0.003808,43.257186,-3.112785,54.066112,76.833285,-1.073103,-1.788167,0.860656,0.139344,0.000000,4.250000,21652.500000
20250613 164500,0.000369,0.001247,0.003095,44.480404,1.223218,51.864961,76.506384,-0.876234,-1.635123,0.290323,0.344086,15.250000,1.250000,21660.500000
